C:\self_driving_car\data\IMG\center_2020_11_09_20_01_03_622.jpg,C:\self_driving_car\data\IMG\left_2020_11_09_20_01_03_622.jpg,C:\self_driving_car\data\IMG\right_2020_11_09_20_01_03_622.jpg,0,0,0,1.902931E-05
C:\self_driving_car\data\IMG\center_2020_11_09_20_01_03_692.jpg,C:\self_driving_car\data\IMG\left_2020_11_09_20_01_03_692.jpg,C:\self_driving_car\data\IMG\right_2020_11_09_20_01_03_692.jpg,0,0,0,1.84606E-05
C:\self_driving_car\data\IMG\center_2020_11_09_20_01_03_762.jpg,C:\self_driving_car\data\IMG\left_2020_11_09_20_01_03_762.jpg,C:\self_driving_car\data\IMG\right_2020_11_09_20_01_03_762.jpg,0,0,0,1.818162E-05
C:\self_driving_car\data\IMG\center_2020_11_09_20_01_03_831.jpg,C:\self_driving_car\data\IMG\left_2020_11_09_20_01_03_831.jpg,C:\self_driving_car\data\IMG\right_2020_11_09_20_01_03_831.jpg,0,0,0,9.097283E-06
C:\self_driving_car\data\IMG\center_2020_11_09_20_01_03_907.jpg,C:\self_driving_car\data\IMG\left_2020_11_09_20_01_03_907.jpg,C:\self_driving_car\data\IMG\right_2020_11_09_20_01_03_907.jpg,0,0,0,9.616518E-06
C:\self_driving_car\data\IMG\center_2020_11_09_20_01_03_981.jpg,C:\self_driving_car\data\IMG\left_2020_11_09_20_01_03_981.jpg,C:\self_driving_car\data\IMG\right_2020_11_09_20_01_03_981.jpg,0,0,0,3.313678E-05
C:\self_driving_car\data\IMG\center_2020_11_09_20_01_04_048.jpg,C:\self_driving_car\data\IMG\left_2020_11_09_20_01_04_048.jpg,C:\self_driving_car\data\IMG\right_2020_11_09_20_01_04_048.jpg,0,0,0,1.19734E-05
C:\self_driving_car\data\IMG\center_2020_11_09_20_01_04_120.jpg,C:\self_driving_car\data\IMG\left_2020_11_09_20_01_04_120.jpg,C:\self_driving_car\data\IMG\right_2020_11_09_20_01_04_120.jpg,0,0,0,1.032231E-05
C:\self_driving_car\data\IMG\center_2020_11_09_20_01_04_190.jpg,C:\self_driving_car\data\IMG\left_2020_11_09_20_01_04_190.jpg,C:\self_driving_car\data\IMG\right_2020_11_09_20_01_04_190.jpg,0,0,0,3.30629E-06
C:\self_driving_car\data\IMG\center_2020_11_09_20_01_04_267.jpg,C:\self_driving_car\data\IMG\left_2020_11_09_20_01_04_267.jpg,C:\self_driving_car\data\IMG\right_2020_11_09_20_01_04_267.jpg,0,0,0,1.280501E-05
C:\self_driving_car\data\IMG\center_2020_11_09_20_01_04_333.jpg,C:\self_driving_car\data\IMG\left_2020_11_09_20_01_04_333.jpg,C:\self_driving_car\data\IMG\right_2020_11_09_20_01_04_333.jpg,0,0,0,1.258543E-05
C:\self_driving_car\data\IMG\center_2020_11_09_20_01_04_435.jpg,C:\self_driving_car\data\IMG\left_2020_11_09_20_01_04_435.jpg,C:\self_driving_car\data\IMG\right_2020_11_09_20_01_04_435.jpg,0,0,0,3.902769E-06
C:\self_driving_car\data\IMG\center_2020_11_09_20_01_04_510.jpg,C:\self_driving_car\data\IMG\left_2020_11_09_20_01_04_510.jpg,C:\self_driving_car\data\IMG\right_2020_11_09_20_01_04_510.jpg,0,0,0,4.511179E-06
C:\self_driving_car\data\IMG\center_2020_11_09_20_01_04_606.jpg,C:\self_driving_car\data\IMG\left_2020_11_09_20_01_04_606.jpg,C:\self_driving_car\data\IMG\right_2020_11_09_20_01_04_606.jpg,0,0,0,7.525165E-06
C:\self_driving_car\data\IMG\center_2020_11_09_20_01_04_677.jpg,C:\self_driving_car\data\IMG\left_2020_11_09_20_01_04_677.jpg,C:\self_driving_car\data\IMG\right_2020_11_09_20_01_04_677.jpg,0,0,0,1.160873E-05
C:\self_driving_car\data\IMG\center_2020_11_09_20_01_04_747.jpg,C:\self_driving_car\data\IMG\left_2020_11_09_20_01_04_747.jpg,C:\self_driving_car\data\IMG\right_2020_11_09_20_01_04_747.jpg,0,0,0,4.898476E-06
C:\self_driving_car\data\IMG\center_2020_11_09_20_01_04_851.jpg,C:\self_driving_car\data\IMG\left_2020_11_09_20_01_04_851.jpg,C:\self_driving_car\data\IMG\right_2020_11_09_20_01_04_851.jpg,0,0,0,1.946867E-05
C:\self_driving_car\data\IMG\center_2020_11_09_20_01_04_922.jpg,C:\self_driving_car\data\IMG\left_2020_11_09_20_01_04_922.jpg,C:\self_driving_car\data\IMG\right_2020_11_09_20_01_04_922.jpg,0,0,0,1.254557E-05
C:\self_driving_car\data\IMG\center_2020_11_09_20_01_05_013.jpg,C:\self_driving_car\data\IMG\left_2020_11_09_20_01_05_013.jpg,C:\self_driving_car\data\IMG\right_2020_11_09_20_01_05_013.jpg,0,0.2693289,0,0.1435645
C:\self_driving_car\data\IMG\center_2020_11_09_20_01_05_106.jpg,C:\self_driving_car\data\IMG\left_2020_11_09_20_01_05_106.jpg,C:\self_driving_car\data\IMG\right_2020_11_09_20_01_05_106.jpg,0,0.5100246,0,0.5199729
C:\self_driving_car\data\IMG\center_2020_11_09_20_01_05_174.jpg,C:\self_driving_car\data\IMG\left_2020_11_09_20_01_05_174.jpg,C:\self_driving_car\data\IMG\right_2020_11_09_20_01_05_174.jpg,0,0.7137654,0,1.15904
C:\self_driving_car\data\IMG\center_2020_11_09_20_01_05_242.jpg,C:\self_driving_car\data\IMG\left_2020_11_09_20_01_05_242.jpg,C:\self_driving_car\data\IMG\right_2020_11_09_20_01_05_242.jpg,0,0.9189012,0,1.799516
C:\self_driving_car\data\IMG\center_2020_11_09_20_01_05_299.jpg,C:\self_driving_car\data\IMG\left_2020_11_09_20_01_05_299.jpg,C:\self_driving_car\data\IMG\right_2020_11_09_20_01_05_299.jpg,0,1,0,2.753322
C:\self_driving_car\data\IMG\center_2020_11_09_20_01_05_370.jpg,C:\self_driving_car\data\IMG\left_2020_11_09_20_01_05_370.jpg,C:\self_driving_car\data\IMG\right_2020_11_09_20_01_05_370.jpg,0,1,0,3.458944
C:\self_driving_car\data\IMG\center_2020_11_09_20_01_05_447.jpg,C:\self_driving_car\data\IMG\left_2020_11_09_20_01_05_447.jpg,C:\self_driving_car\data\IMG\right_2020_11_09_20_01_05_447.jpg,0,1,0,4.399362
C:\self_driving_car\data\IMG\center_2020_11_09_20_01_05_517.jpg,C:\self_driving_car\data\IMG\left_2020_11_09_20_01_05_517.jpg,C:\self_driving_car\data\IMG\right_2020_11_09_20_01_05_517.jpg,0,1,0,5.329661
C:\self_driving_car\data\IMG\center_2020_11_09_20_01_05_587.jpg,C:\self_driving_car\data\IMG\left_2020_11_09_20_01_05_587.jpg,C:\self_driving_car\data\IMG\right_2020_11_09_20_01_05_587.jpg,-0.1,1,0,6.020961
C:\self_driving_car\data\IMG\center_2020_11_09_20_01_05_688.jpg,C:\self_driving_car\data\IMG\left_2020_11_09_20_01_05_688.jpg,C:\self_driving_car\data\IMG\right_2020_11_09_20_01_05_688.jpg,-0.35,1,0,7.142441
C:\self_driving_car\data\IMG\center_2020_11_09_20_01_05_797.jpg,C:\self_driving_car\data\IMG\left_2020_11_09_20_01_05_797.jpg,C:\self_driving_car\data\IMG\right_2020_11_09_20_01_05_797.jpg,0,1,0,8.429375
C:\self_driving_car\data\IMG\center_2020_11_09_20_01_05_883.jpg,C:\self_driving_car\data\IMG\left_2020_11_09_20_01_05_883.jpg,C:\self_driving_car\data\IMG\right_2020_11_09_20_01_05_883.jpg,0,1,0,9.31906
C:\self_driving_car\data\IMG\center_2020_11_09_20_01_05_956.jpg,C:\self_driving_car\data\IMG\left_2020_11_09_20_01_05_956.jpg,C:\self_driving_car\data\IMG\right_2020_11_09_20_01_05_956.jpg,0,0.8925802,0,10.16786
C:\self_driving_car\data\IMG\center_2020_11_09_20_01_06_028.jpg,C:\self_driving_car\data\IMG\left_2020_11_09_20_01_06_028.jpg,C:\self_driving_car\data\IMG\right_2020_11_09_20_01_06_028.jpg,0,0.6772918,0,10.64408
C:\self_driving_car\data\IMG\center_2020_11_09_20_01_06_094.jpg,C:\self_driving_car\data\IMG\left_2020_11_09_20_01_06_094.jpg,C:\self_driving_car\data\IMG\right_2020_11_09_20_01_06_094.jpg,0,0.4749874,0,11.08548
C:\self_driving_car\data\IMG\center_2020_11_09_20_01_06_162.jpg,C:\self_driving_car\data\IMG\left_2020_11_09_20_01_06_162.jpg,C:\self_driving_car\data\IMG\right_2020_11_09_20_01_06_162.jpg,0,0.2744461,0,11.2915
C:\self_driving_car\data\IMG\center_2020_11_09_20_01_06_237.jpg,C:\self_driving_car\data\IMG\left_2020_11_09_20_01_06_237.jpg,C:\self_driving_car\data\IMG\right_2020_11_09_20_01_06_237.jpg,-0.1,0.05031312,0,11.28664
C:\self_driving_car\data\IMG\center_2020_11_09_20_01_06_339.jpg,C:\self_driving_car\data\IMG\left_2020_11_09_20_01_06_339.jpg,C:\self_driving_car\data\IMG\right_2020_11_09_20_01_06_339.jpg,-0.35,0.3584983,0,11.42629
C:\self_driving_car\data\IMG\center_2020_11_09_20_01_06_411.jpg,C:\self_driving_car\data\IMG\left_2020_11_09_20_01_06_411.jpg,C:\self_driving_car\data\IMG\right_2020_11_09_20_01_06_411.jpg,-0.5000001,0.5750986,0,11.7682
C:\self_driving_car\data\IMG\center_2020_11_09_20_01_06_501.jpg,C:\self_driving_car\data\IMG\left_2020_11_09_20_01_06_501.jpg,C:\self_driving_car\data\IMG\right_2020_11_09_20_01_06_501.jpg,-0.7,0.7780724,0,11.99076
C:\self_driving_car\data\IMG\center_2020_11_09_20_01_06_576.jpg,C:\self_driving_car\data\IMG\left_2020_11_09_20_01_06_576.jpg,C:\self_driving_car\data\IMG\right_2020_11_09_20_01_06_576.jpg,0,0.7794418,0,12.76817
C:\self_driving_car\data\IMG\center_2020_11_09_20_01_06_664.jpg,C:\self_driving_car\data\IMG\left_2020_11_09_20_01_06_664.jpg,C:\self_driving_car\data\IMG\right_2020_11_09_20_01_06_664.jpg,0,0.5251222,0,13.0976
C:\self_driving_car\data\IMG\center_2020_11_09_20_01_06_752.jpg,C:\self_driving_car\data\IMG\left_2020_11_09_20_01_06_752.jpg,C:\self_driving_car\data\IMG\right_2020_11_09_20_01_06_752.jpg,0,0.2571556,0,13.44003
C:\self_driving_car\data\IMG\center_2020_11_09_20_01_06_817.jpg,C:\self_driving_car\data\IMG\left_2020_11_09_20_01_06_817.jpg,C:\self_driving_car\data\IMG\right_2020_11_09_20_01_06_817.jpg,-0.1,0.5155942,0,13.80381
C:\self_driving_car\data\IMG\center_2020_11_09_20_01_06_918.jpg,C:\self_driving_car\data\IMG\left_2020_11_09_20_01_06_918.jpg,C:\self_driving_car\data\IMG\right_2020_11_09_20_01_06_918.jpg,-0.3,0.7558948,0,14.22024
C:\self_driving_car\data\IMG\center_2020_11_09_20_01_07_008.jpg,C:\self_driving_car\data\IMG\left_2020_11_09_20_01_07_008.jpg,C:\self_driving_car\data\IMG\right_2020_11_09_20_01_07_008.jpg,-0.5000001,1,0,15.04832
C:\self_driving_car\data\IMG\center_2020_11_09_20_01_07_071.jpg,C:\self_driving_car\data\IMG\left_2020_11_09_20_01_07_071.jpg,C:\self_driving_car\data\IMG\right_2020_11_09_20_01_07_071.jpg,-0.7,1,0,15.77431
C:\self_driving_car\data\IMG\center_2020_11_09_20_01_07_168.jpg,C:\self_driving_car\data\IMG\left_2020_11_09_20_01_07_168.jpg,C:\self_driving_car\data\IMG\right_2020_11_09_20_01_07_168.jpg,0,0.8738341,0,16.49773
C:\self_driving_car\data\IMG\center_2020_11_09_20_01_07_272.jpg,C:\self_driving_car\data\IMG\left_2020_11_09_20_01_07_272.jpg,C:\self_driving_car\data\IMG\right_2020_11_09_20_01_07_272.jpg,0,0.5613838,0,17.2374
C:\self_driving_car\data\IMG\center_2020_11_09_20_01_07_359.jpg,C:\self_driving_car\data\IMG\left_2020_11_09_20_01_07_359.jpg,C:\self_driving_car\data\IMG\right_2020_11_09_20_01_07_359.jpg,-0.15,0.5848621,0,17.42444
C:\self_driving_car\data\IMG\center_2020_11_09_20_01_07_443.jpg,C:\self_driving_car\data\IMG\left_2020_11_09_20_01_07_443.jpg,C:\self_driving_car\data\IMG\right_2020_11_09_20_01_07_443.jpg,-0.35,0.8409898,0,18.01372
C:\self_driving_car\data\IMG\center_2020_11_09_20_01_07_559.jpg,C:\self_driving_car\data\IMG\left_2020_11_09_20_01_07_559.jpg,C:\self_driving_car\data\IMG\right_2020_11_09_20_01_07_559.jpg,0,0.4938109,0,18.53747
C:\self_driving_car\data\IMG\center_2020_11_09_20_01_07_655.jpg,C:\self_driving_car\data\IMG\left_2020_11_09_20_01_07_655.jpg,C:\self_driving_car\data\IMG\right_2020_11_09_20_01_07_655.jpg,0,0.2061052,0,18.98679
C:\self_driving_car\data\IMG\center_2020_11_09_20_01_07_742.jpg,C:\self_driving_car\data\IMG\left_2020_11_09_20_01_07_742.jpg,C:\self_driving_car\data\IMG\right_2020_11_09_20_01_07_742.jpg,0,0,0,18.91549
C:\self_driving_car\data\IMG\center_2020_11_09_20_01_07_823.jpg,C:\self_driving_car\data\IMG\left_2020_11_09_20_01_07_823.jpg,C:\self_driving_car\data\IMG\right_2020_11_09_20_01_07_823.jpg,-0.1,0.1298937,0,18.80886
C:\self_driving_car\data\IMG\center_2020_11_09_20_01_07_915.jpg,C:\self_driving_car\data\IMG\left_2020_11_09_20_01_07_915.jpg,C:\self_driving_car\data\IMG\right_2020_11_09_20_01_07_915.jpg,-0.35,0.4018368,0,18.59218
C:\self_driving_car\data\IMG\center_2020_11_09_20_01_08_004.jpg,C:\self_driving_car\data\IMG\left_2020_11_09_20_01_08_004.jpg,C:\self_driving_car\data\IMG\right_2020_11_09_20_01_08_004.jpg,-0.5500001,0.6680463,0,18.95715
C:\self_driving_car\data\IMG\center_2020_11_09_20_01_08_093.jpg,C:\self_driving_car\data\IMG\left_2020_11_09_20_01_08_093.jpg,C:\self_driving_car\data\IMG\right_2020_11_09_20_01_08_093.jpg,0,0.3968283,0,19.26103
C:\self_driving_car\data\IMG\center_2020_11_09_20_01_08_182.jpg,C:\self_driving_car\data\IMG\left_2020_11_09_20_01_08_182.jpg,C:\self_driving_car\data\IMG\right_2020_11_09_20_01_08_182.jpg,0,0.1318875,0,19.61598
C:\self_driving_car\data\IMG\center_2020_11_09_20_01_08_266.jpg,C:\self_driving_car\data\IMG\left_2020_11_09_20_01_08_266.jpg,C:\self_driving_car\data\IMG\right_2020_11_09_20_01_08_266.jpg,0,0.1465137,0,19.53379
C:\self_driving_car\data\IMG\center_2020_11_09_20_01_08_338.jpg,C:\self_driving_car\data\IMG\left_2020_11_09_20_01_08_338.jpg,C:\self_driving_car\data\IMG\right_2020_11_09_20_01_08_338.jpg,-0.2,0.3637089,0,19.6298
C:\self_driving_car\data\IMG\center_2020_11_09_20_01_08_412.jpg,C:\self_driving_car\data\IMG\left_2020_11_09_20_01_08_412.jpg,C:\self_driving_car\data\IMG\right_2020_11_09_20_01_08_412.jpg,-0.35,0.5882109,0,19.53389
C:\self_driving_car\data\IMG\center_2020_11_09_20_01_08_490.jpg,C:\self_driving_car\data\IMG\left_2020_11_09_20_01_08_490.jpg,C:\self_driving_car\data\IMG\right_2020_11_09_20_01_08_490.jpg,0,0.3566383,0,19.78061
C:\self_driving_car\data\IMG\center_2020_11_09_20_01_08_562.jpg,C:\self_driving_car\data\IMG\left_2020_11_09_20_01_08_562.jpg,C:\self_driving_car\data\IMG\right_2020_11_09_20_01_08_562.jpg,0,0.1404654,0,19.80535
C:\self_driving_car\data\IMG\center_2020_11_09_20_01_08_638.jpg,C:\self_driving_car\data\IMG\left_2020_11_09_20_01_08_638.jpg,C:\self_driving_car\data\IMG\right_2020_11_09_20_01_08_638.jpg,0,0,0,19.65553
C:\self_driving_car\data\IMG\center_2020_11_09_20_01_08_711.jpg,C:\self_driving_car\data\IMG\left_2020_11_09_20_01_08_711.jpg,C:\self_driving_car\data\IMG\right_2020_11_09_20_01_08_711.jpg,0,0.1031664,0,19.91118
C:\self_driving_car\data\IMG\center_2020_11_09_20_01_08_784.jpg,C:\self_driving_car\data\IMG\left_2020_11_09_20_01_08_784.jpg,C:\self_driving_car\data\IMG\right_2020_11_09_20_01_08_784.jpg,-0.2,0.3216276,0,19.95647
C:\self_driving_car\data\IMG\center_2020_11_09_20_01_08_862.jpg,C:\self_driving_car\data\IMG\left_2020_11_09_20_01_08_862.jpg,C:\self_driving_car\data\IMG\right_2020_11_09_20_01_08_862.jpg,-0.4,0.5551188,0,20.15068
C:\self_driving_car\data\IMG\center_2020_11_09_20_01_08_940.jpg,C:\self_driving_car\data\IMG\left_2020_11_09_20_01_08_940.jpg,C:\self_driving_car\data\IMG\right_2020_11_09_20_01_08_940.jpg,0,0.5519118,0,20.54623
C:\self_driving_car\data\IMG\center_2020_11_09_20_01_09_018.jpg,C:\self_driving_car\data\IMG\left_2020_11_09_20_01_09_018.jpg,C:\self_driving_car\data\IMG\right_2020_11_09_20_01_09_018.jpg,0,0.3187836,0,20.77547
C:\self_driving_car\data\IMG\center_2020_11_09_20_01_09_096.jpg,C:\self_driving_car\data\IMG\left_2020_11_09_20_01_09_096.jpg,C:\self_driving_car\data\IMG\right_2020_11_09_20_01_09_096.jpg,0,0.08293796,0,20.79402
C:\self_driving_car\data\IMG\center_2020_11_09_20_01_09_170.jpg,C:\self_driving_car\data\IMG\left_2020_11_09_20_01_09_170.jpg,C:\self_driving_car\data\IMG\right_2020_11_09_20_01_09_170.jpg,0,0,0,20.40601
C:\self_driving_car\data\IMG\center_2020_11_09_20_01_09_247.jpg,C:\self_driving_car\data\IMG\left_2020_11_09_20_01_09_247.jpg,C:\self_driving_car\data\IMG\right_2020_11_09_20_01_09_247.jpg,0,0,0,20.22904
C:\self_driving_car\data\IMG\center_2020_11_09_20_01_09_321.jpg,C:\self_driving_car\data\IMG\left_2020_11_09_20_01_09_321.jpg,C:\self_driving_car\data\IMG\right_2020_11_09_20_01_09_321.jpg,-0.2,0.2231838,0,20.21273
C:\self_driving_car\data\IMG\center_2020_11_09_20_01_09_417.jpg,C:\self_driving_car\data\IMG\left_2020_11_09_20_01_09_417.jpg,C:\self_driving_car\data\IMG\right_2020_11_09_20_01_09_417.jpg,-0.45,0.5079156,0,20.66228
C:\self_driving_car\data\IMG\center_2020_11_09_20_01_09_497.jpg,C:\self_driving_car\data\IMG\left_2020_11_09_20_01_09_497.jpg,C:\self_driving_car\data\IMG\right_2020_11_09_20_01_09_497.jpg,0,0.5071374,0,20.92879
C:\self_driving_car\data\IMG\center_2020_11_09_20_01_09_568.jpg,C:\self_driving_car\data\IMG\left_2020_11_09_20_01_09_568.jpg,C:\self_driving_car\data\IMG\right_2020_11_09_20_01_09_568.jpg,0,0.2942283,0,20.90522
C:\self_driving_car\data\IMG\center_2020_11_09_20_01_09_644.jpg,C:\self_driving_car\data\IMG\left_2020_11_09_20_01_09_644.jpg,C:\self_driving_car\data\IMG\right_2020_11_09_20_01_09_644.jpg,0,0.06483032,0,20.82477
C:\self_driving_car\data\IMG\center_2020_11_09_20_01_09_742.jpg,C:\self_driving_car\data\IMG\left_2020_11_09_20_01_09_742.jpg,C:\self_driving_car\data\IMG\right_2020_11_09_20_01_09_742.jpg,0,0,0,20.90544
C:\self_driving_car\data\IMG\center_2020_11_09_20_01_09_816.jpg,C:\self_driving_car\data\IMG\left_2020_11_09_20_01_09_816.jpg,C:\self_driving_car\data\IMG\right_2020_11_09_20_01_09_816.jpg,0,0.2201172,0,20.85938
C:\self_driving_car\data\IMG\center_2020_11_09_20_01_09_893.jpg,C:\self_driving_car\data\IMG\left_2020_11_09_20_01_09_893.jpg,C:\self_driving_car\data\IMG\right_2020_11_09_20_01_09_893.jpg,-0.15,0.4508346,0,20.69146
C:\self_driving_car\data\IMG\center_2020_11_09_20_01_09_971.jpg,C:\self_driving_car\data\IMG\left_2020_11_09_20_01_09_971.jpg,C:\self_driving_car\data\IMG\right_2020_11_09_20_01_09_971.jpg,0,0.4248453,0,21.01779
C:\self_driving_car\data\IMG\center_2020_11_09_20_01_10_045.jpg,C:\self_driving_car\data\IMG\left_2020_11_09_20_01_10_045.jpg,C:\self_driving_car\data\IMG\right_2020_11_09_20_01_10_045.jpg,0,0.2045299,0,21.09774
C:\self_driving_car\data\IMG\center_2020_11_09_20_01_10_117.jpg,C:\self_driving_car\data\IMG\left_2020_11_09_20_01_10_117.jpg,C:\self_driving_car\data\IMG\right_2020_11_09_20_01_10_117.jpg,0,0,0,20.97044
C:\self_driving_car\data\IMG\center_2020_11_09_20_01_10_191.jpg,C:\self_driving_car\data\IMG\left_2020_11_09_20_01_10_191.jpg,C:\self_driving_car\data\IMG\right_2020_11_09_20_01_10_191.jpg,-0.1,0.2210577,0,21.23565
C:\self_driving_car\data\IMG\center_2020_11_09_20_01_10_260.jpg,C:\self_driving_car\data\IMG\left_2020_11_09_20_01_10_260.jpg,C:\self_driving_car\data\IMG\right_2020_11_09_20_01_10_260.jpg,-0.3,0.4298763,0,21.35217
C:\self_driving_car\data\IMG\center_2020_11_09_20_01_10_342.jpg,C:\self_driving_car\data\IMG\left_2020_11_09_20_01_10_342.jpg,C:\self_driving_car\data\IMG\right_2020_11_09_20_01_10_342.jpg,0,0.409638,0,21.56496
C:\self_driving_car\data\IMG\center_2020_11_09_20_01_10_418.jpg,C:\self_driving_car\data\IMG\left_2020_11_09_20_01_10_418.jpg,C:\self_driving_car\data\IMG\right_2020_11_09_20_01_10_418.jpg,0,0.177555,0,21.63833
C:\self_driving_car\data\IMG\center_2020_11_09_20_01_10_499.jpg,C:\self_driving_car\data\IMG\left_2020_11_09_20_01_10_499.jpg,C:\self_driving_car\data\IMG\right_2020_11_09_20_01_10_499.jpg,0,0,0,21.53527
C:\self_driving_car\data\IMG\center_2020_11_09_20_01_10_605.jpg,C:\self_driving_car\data\IMG\left_2020_11_09_20_01_10_605.jpg,C:\self_driving_car\data\IMG\right_2020_11_09_20_01_10_605.jpg,-0.2,0.2302542,0,21.21294
C:\self_driving_car\data\IMG\center_2020_11_09_20_01_10_683.jpg,C:\self_driving_car\data\IMG\left_2020_11_09_20_01_10_683.jpg,C:\self_driving_car\data\IMG\right_2020_11_09_20_01_10_683.jpg,-0.4,0.4676916,0,21.36934
C:\self_driving_car\data\IMG\center_2020_11_09_20_01_10_760.jpg,C:\self_driving_car\data\IMG\left_2020_11_09_20_01_10_760.jpg,C:\self_driving_car\data\IMG\right_2020_11_09_20_01_10_760.jpg,0,0.2379507,0,21.47011
C:\self_driving_car\data\IMG\center_2020_11_09_20_01_10_832.jpg,C:\self_driving_car\data\IMG\left_2020_11_09_20_01_10_832.jpg,C:\self_driving_car\data\IMG\right_2020_11_09_20_01_10_832.jpg,0,0.01998182,0,21.68653
C:\self_driving_car\data\IMG\center_2020_11_09_20_01_10_907.jpg,C:\self_driving_car\data\IMG\left_2020_11_09_20_01_10_907.jpg,C:\self_driving_car\data\IMG\right_2020_11_09_20_01_10_907.jpg,0,0,0,21.51761
C:\self_driving_car\data\IMG\center_2020_11_09_20_01_10_987.jpg,C:\self_driving_car\data\IMG\left_2020_11_09_20_01_10_987.jpg,C:\self_driving_car\data\IMG\right_2020_11_09_20_01_10_987.jpg,-0.2,0.2395701,0,21.45754
C:\self_driving_car\data\IMG\center_2020_11_09_20_01_11_060.jpg,C:\self_driving_car\data\IMG\left_2020_11_09_20_01_11_060.jpg,C:\self_driving_car\data\IMG\right_2020_11_09_20_01_11_060.jpg,-0.4,0.4620978,0,21.56146
C:\self_driving_car\data\IMG\center_2020_11_09_20_01_11_137.jpg,C:\self_driving_car\data\IMG\left_2020_11_09_20_01_11_137.jpg,C:\self_driving_car\data\IMG\right_2020_11_09_20_01_11_137.jpg,0,0.2319255,0,21.66741
C:\self_driving_car\data\IMG\center_2020_11_09_20_01_11_244.jpg,C:\self_driving_car\data\IMG\left_2020_11_09_20_01_11_244.jpg,C:\self_driving_car\data\IMG\right_2020_11_09_20_01_11_244.jpg,0,0,0,21.29246
C:\self_driving_car\data\IMG\center_2020_11_09_20_01_11_323.jpg,C:\self_driving_car\data\IMG\left_2020_11_09_20_01_11_323.jpg,C:\self_driving_car\data\IMG\right_2020_11_09_20_01_11_323.jpg,0,0,0,21.1072
C:\self_driving_car\data\IMG\center_2020_11_09_20_01_11_403.jpg,C:\self_driving_car\data\IMG\left_2020_11_09_20_01_11_403.jpg,C:\self_driving_car\data\IMG\right_2020_11_09_20_01_11_403.jpg,-0.1,0.114273,0,20.98711
C:\self_driving_car\data\IMG\center_2020_11_09_20_01_11_476.jpg,C:\self_driving_car\data\IMG\left_2020_11_09_20_01_11_476.jpg,C:\self_driving_car\data\IMG\right_2020_11_09_20_01_11_476.jpg,-0.3,0.3332349,0,21.04504
C:\self_driving_car\data\IMG\center_2020_11_09_20_01_11_559.jpg,C:\self_driving_car\data\IMG\left_2020_11_09_20_01_11_559.jpg,C:\self_driving_car\data\IMG\right_2020_11_09_20_01_11_559.jpg,-0.5000001,0.3394473,0,21.15979
C:\self_driving_car\data\IMG\center_2020_11_09_20_01_11_638.jpg,C:\self_driving_car\data\IMG\left_2020_11_09_20_01_11_638.jpg,C:\self_driving_car\data\IMG\right_2020_11_09_20_01_11_638.jpg,0,0.100842,0,21.11728
C:\self_driving_car\data\IMG\center_2020_11_09_20_01_11_717.jpg,C:\self_driving_car\data\IMG\left_2020_11_09_20_01_11_717.jpg,C:\self_driving_car\data\IMG\right_2020_11_09_20_01_11_717.jpg,0,0.1125741,0,20.99487
C:\self_driving_car\data\IMG\center_2020_11_09_20_01_11_798.jpg,C:\self_driving_car\data\IMG\left_2020_11_09_20_01_11_798.jpg,C:\self_driving_car\data\IMG\right_2020_11_09_20_01_11_798.jpg,-0.2,0.3531648,0,21.10098
C:\self_driving_car\data\IMG\center_2020_11_09_20_01_11_903.jpg,C:\self_driving_car\data\IMG\left_2020_11_09_20_01_11_903.jpg,C:\self_driving_car\data\IMG\right_2020_11_09_20_01_11_903.jpg,0,0.3783027,0,21.58611
C:\self_driving_car\data\IMG\center_2020_11_09_20_01_11_994.jpg,C:\self_driving_car\data\IMG\left_2020_11_09_20_01_11_994.jpg,C:\self_driving_car\data\IMG\right_2020_11_09_20_01_11_994.jpg,0,0.3823332,0,21.59789
C:\self_driving_car\data\IMG\center_2020_11_09_20_01_12_091.jpg,C:\self_driving_car\data\IMG\left_2020_11_09_20_01_12_091.jpg,C:\self_driving_car\data\IMG\right_2020_11_09_20_01_12_091.jpg,0,0.377232,0,21.87201
C:\self_driving_car\data\IMG\center_2020_11_09_20_01_12_172.jpg,C:\self_driving_car\data\IMG\left_2020_11_09_20_01_12_172.jpg,C:\self_driving_car\data\IMG\right_2020_11_09_20_01_12_172.jpg,0,0.3797532,0,22.00819
C:\self_driving_car\data\IMG\center_2020_11_09_20_01_12_250.jpg,C:\self_driving_car\data\IMG\left_2020_11_09_20_01_12_250.jpg,C:\self_driving_car\data\IMG\right_2020_11_09_20_01_12_250.jpg,0,0.35913,0,22.25195
C:\self_driving_car\data\IMG\center_2020_11_09_20_01_12_328.jpg,C:\self_driving_car\data\IMG\left_2020_11_09_20_01_12_328.jpg,C:\self_driving_car\data\IMG\right_2020_11_09_20_01_12_328.jpg,0,0.5944437,0,22.60181
C:\self_driving_car\data\IMG\center_2020_11_09_20_01_12_411.jpg,C:\self_driving_car\data\IMG\left_2020_11_09_20_01_12_411.jpg,C:\self_driving_car\data\IMG\right_2020_11_09_20_01_12_411.jpg,0,0.6032861,0,23.06764
C:\self_driving_car\data\IMG\center_2020_11_09_20_01_12_490.jpg,C:\self_driving_car\data\IMG\left_2020_11_09_20_01_12_490.jpg,C:\self_driving_car\data\IMG\right_2020_11_09_20_01_12_490.jpg,0,0.8395884,0,23.63414
C:\self_driving_car\data\IMG\center_2020_11_09_20_01_12_576.jpg,C:\self_driving_car\data\IMG\left_2020_11_09_20_01_12_576.jpg,C:\self_driving_car\data\IMG\right_2020_11_09_20_01_12_576.jpg,0,0.5834514,0,24.21933
C:\self_driving_car\data\IMG\center_2020_11_09_20_01_12_657.jpg,C:\self_driving_car\data\IMG\left_2020_11_09_20_01_12_657.jpg,C:\self_driving_car\data\IMG\right_2020_11_09_20_01_12_657.jpg,0,0.3376674,0,24.42353
C:\self_driving_car\data\IMG\center_2020_11_09_20_01_12_751.jpg,C:\self_driving_car\data\IMG\left_2020_11_09_20_01_12_751.jpg,C:\self_driving_car\data\IMG\right_2020_11_09_20_01_12_751.jpg,0,0.3472905,0,24.50251
C:\self_driving_car\data\IMG\center_2020_11_09_20_01_12_848.jpg,C:\self_driving_car\data\IMG\left_2020_11_09_20_01_12_848.jpg,C:\self_driving_car\data\IMG\right_2020_11_09_20_01_12_848.jpg,0,0.3409674,0,24.76163
C:\self_driving_car\data\IMG\center_2020_11_09_20_01_12_940.jpg,C:\self_driving_car\data\IMG\left_2020_11_09_20_01_12_940.jpg,C:\self_driving_car\data\IMG\right_2020_11_09_20_01_12_940.jpg,-0.25,0.06753568,0,24.69639
C:\self_driving_car\data\IMG\center_2020_11_09_20_01_13_042.jpg,C:\self_driving_car\data\IMG\left_2020_11_09_20_01_13_042.jpg,C:\self_driving_car\data\IMG\right_2020_11_09_20_01_13_042.jpg,-0.5000001,0,0,24.32042
C:\self_driving_car\data\IMG\center_2020_11_09_20_01_13_142.jpg,C:\self_driving_car\data\IMG\left_2020_11_09_20_01_13_142.jpg,C:\self_driving_car\data\IMG\right_2020_11_09_20_01_13_142.jpg,0,0.01135021,0,24.00094
C:\self_driving_car\data\IMG\center_2020_11_09_20_01_13_244.jpg,C:\self_driving_car\data\IMG\left_2020_11_09_20_01_13_244.jpg,C:\self_driving_car\data\IMG\right_2020_11_09_20_01_13_244.jpg,0,0,0,23.76314
C:\self_driving_car\data\IMG\center_2020_11_09_20_01_13_347.jpg,C:\self_driving_car\data\IMG\left_2020_11_09_20_01_13_347.jpg,C:\self_driving_car\data\IMG\right_2020_11_09_20_01_13_347.jpg,0,0.1461738,0,23.56509
C:\self_driving_car\data\IMG\center_2020_11_09_20_01_13_449.jpg,C:\self_driving_car\data\IMG\left_2020_11_09_20_01_13_449.jpg,C:\self_driving_car\data\IMG\right_2020_11_09_20_01_13_449.jpg,-0.25,0.4527819,0,23.70321
C:\self_driving_car\data\IMG\center_2020_11_09_20_01_13_558.jpg,C:\self_driving_car\data\IMG\left_2020_11_09_20_01_13_558.jpg,C:\self_driving_car\data\IMG\right_2020_11_09_20_01_13_558.jpg,0,0.126444,0,23.73926
C:\self_driving_car\data\IMG\center_2020_11_09_20_01_13_663.jpg,C:\self_driving_car\data\IMG\left_2020_11_09_20_01_13_663.jpg,C:\self_driving_car\data\IMG\right_2020_11_09_20_01_13_663.jpg,0,0,0,23.5204
C:\self_driving_car\data\IMG\center_2020_11_09_20_01_13_763.jpg,C:\self_driving_car\data\IMG\left_2020_11_09_20_01_13_763.jpg,C:\self_driving_car\data\IMG\right_2020_11_09_20_01_13_763.jpg,0,0,0,23.28005
C:\self_driving_car\data\IMG\center_2020_11_09_20_01_13_864.jpg,C:\self_driving_car\data\IMG\left_2020_11_09_20_01_13_864.jpg,C:\self_driving_car\data\IMG\right_2020_11_09_20_01_13_864.jpg,-0.1,0.3032049,0,23.27355
C:\self_driving_car\data\IMG\center_2020_11_09_20_01_13_964.jpg,C:\self_driving_car\data\IMG\left_2020_11_09_20_01_13_964.jpg,C:\self_driving_car\data\IMG\right_2020_11_09_20_01_13_964.jpg,-0.35,0.601455,0,23.55255
C:\self_driving_car\data\IMG\center_2020_11_09_20_01_14_063.jpg,C:\self_driving_car\data\IMG\left_2020_11_09_20_01_14_063.jpg,C:\self_driving_car\data\IMG\right_2020_11_09_20_01_14_063.jpg,0,0.3035442,0,23.81283
C:\self_driving_car\data\IMG\center_2020_11_09_20_01_14_160.jpg,C:\self_driving_car\data\IMG\left_2020_11_09_20_01_14_160.jpg,C:\self_driving_car\data\IMG\right_2020_11_09_20_01_14_160.jpg,0,0.01181518,0,23.71639
C:\self_driving_car\data\IMG\center_2020_11_09_20_01_14_256.jpg,C:\self_driving_car\data\IMG\left_2020_11_09_20_01_14_256.jpg,C:\self_driving_car\data\IMG\right_2020_11_09_20_01_14_256.jpg,-0.15,0.1411536,0,23.53054
C:\self_driving_car\data\IMG\center_2020_11_09_20_01_14_350.jpg,C:\self_driving_car\data\IMG\left_2020_11_09_20_01_14_350.jpg,C:\self_driving_car\data\IMG\right_2020_11_09_20_01_14_350.jpg,-0.35,0.4239054,0,23.61447
C:\self_driving_car\data\IMG\center_2020_11_09_20_01_14_435.jpg,C:\self_driving_car\data\IMG\left_2020_11_09_20_01_14_435.jpg,C:\self_driving_car\data\IMG\right_2020_11_09_20_01_14_435.jpg,0,0.4245654,0,23.86344
C:\self_driving_car\data\IMG\center_2020_11_09_20_01_14_530.jpg,C:\self_driving_car\data\IMG\left_2020_11_09_20_01_14_530.jpg,C:\self_driving_car\data\IMG\right_2020_11_09_20_01_14_530.jpg,0,0.1418076,0,23.89789
C:\self_driving_car\data\IMG\center_2020_11_09_20_01_14_616.jpg,C:\self_driving_car\data\IMG\left_2020_11_09_20_01_14_616.jpg,C:\self_driving_car\data\IMG\right_2020_11_09_20_01_14_616.jpg,0,0,0,23.71396
C:\self_driving_car\data\IMG\center_2020_11_09_20_01_14_697.jpg,C:\self_driving_car\data\IMG\left_2020_11_09_20_01_14_697.jpg,C:\self_driving_car\data\IMG\right_2020_11_09_20_01_14_697.jpg,0,0,0,23.51694
C:\self_driving_car\data\IMG\center_2020_11_09_20_01_14_783.jpg,C:\self_driving_car\data\IMG\left_2020_11_09_20_01_14_783.jpg,C:\self_driving_car\data\IMG\right_2020_11_09_20_01_14_783.jpg,-0.2,0.2612703,0,23.4843
C:\self_driving_car\data\IMG\center_2020_11_09_20_01_14_882.jpg,C:\self_driving_car\data\IMG\left_2020_11_09_20_01_14_882.jpg,C:\self_driving_car\data\IMG\right_2020_11_09_20_01_14_882.jpg,0,0.22023,0,23.54273
C:\self_driving_car\data\IMG\center_2020_11_09_20_01_14_954.jpg,C:\self_driving_car\data\IMG\left_2020_11_09_20_01_14_954.jpg,C:\self_driving_car\data\IMG\right_2020_11_09_20_01_14_954.jpg,0,0.003806978,0,23.42408
C:\self_driving_car\data\IMG\center_2020_11_09_20_01_15_044.jpg,C:\self_driving_car\data\IMG\left_2020_11_09_20_01_15_044.jpg,C:\self_driving_car\data\IMG\right_2020_11_09_20_01_15_044.jpg,0,0,0,23.23539
C:\self_driving_car\data\IMG\center_2020_11_09_20_01_15_138.jpg,C:\self_driving_car\data\IMG\left_2020_11_09_20_01_15_138.jpg,C:\self_driving_car\data\IMG\right_2020_11_09_20_01_15_138.jpg,0,0,0,23.0023
C:\self_driving_car\data\IMG\center_2020_11_09_20_01_15_222.jpg,C:\self_driving_car\data\IMG\left_2020_11_09_20_01_15_222.jpg,C:\self_driving_car\data\IMG\right_2020_11_09_20_01_15_222.jpg,-0.2,0.2518719,0,22.96893
C:\self_driving_car\data\IMG\center_2020_11_09_20_01_15_308.jpg,C:\self_driving_car\data\IMG\left_2020_11_09_20_01_15_308.jpg,C:\self_driving_car\data\IMG\right_2020_11_09_20_01_15_308.jpg,-0.4,0.5117865,0,23.11933
C:\self_driving_car\data\IMG\center_2020_11_09_20_01_15_401.jpg,C:\self_driving_car\data\IMG\left_2020_11_09_20_01_15_401.jpg,C:\self_driving_car\data\IMG\right_2020_11_09_20_01_15_401.jpg,0,0.4840071,0,23.41766
C:\self_driving_car\data\IMG\center_2020_11_09_20_01_15_488.jpg,C:\self_driving_car\data\IMG\left_2020_11_09_20_01_15_488.jpg,C:\self_driving_car\data\IMG\right_2020_11_09_20_01_15_488.jpg,0,0.2221782,0,23.52364
C:\self_driving_car\data\IMG\center_2020_11_09_20_01_15_566.jpg,C:\self_driving_car\data\IMG\left_2020_11_09_20_01_15_566.jpg,C:\self_driving_car\data\IMG\right_2020_11_09_20_01_15_566.jpg,0,0,0,23.40294
C:\self_driving_car\data\IMG\center_2020_11_09_20_01_15_650.jpg,C:\self_driving_car\data\IMG\left_2020_11_09_20_01_15_650.jpg,C:\self_driving_car\data\IMG\right_2020_11_09_20_01_15_650.jpg,-0.2,0.2488662,0,23.37637
C:\self_driving_car\data\IMG\center_2020_11_09_20_01_15_732.jpg,C:\self_driving_car\data\IMG\left_2020_11_09_20_01_15_732.jpg,C:\self_driving_car\data\IMG\right_2020_11_09_20_01_15_732.jpg,-0.4,0.494667,0,23.51678
C:\self_driving_car\data\IMG\center_2020_11_09_20_01_15_817.jpg,C:\self_driving_car\data\IMG\left_2020_11_09_20_01_15_817.jpg,C:\self_driving_car\data\IMG\right_2020_11_09_20_01_15_817.jpg,0,0.236418,0,23.65384
C:\self_driving_car\data\IMG\center_2020_11_09_20_01_15_908.jpg,C:\self_driving_car\data\IMG\left_2020_11_09_20_01_15_908.jpg,C:\self_driving_car\data\IMG\right_2020_11_09_20_01_15_908.jpg,0,0,0,23.53686
C:\self_driving_car\data\IMG\center_2020_11_09_20_01_15_997.jpg,C:\self_driving_car\data\IMG\left_2020_11_09_20_01_15_997.jpg,C:\self_driving_car\data\IMG\right_2020_11_09_20_01_15_997.jpg,0,0,0,23.32442
C:\self_driving_car\data\IMG\center_2020_11_09_20_01_16_091.jpg,C:\self_driving_car\data\IMG\left_2020_11_09_20_01_16_091.jpg,C:\self_driving_car\data\IMG\right_2020_11_09_20_01_16_091.jpg,0,0,0,23.13293
C:\self_driving_car\data\IMG\center_2020_11_09_20_01_16_181.jpg,C:\self_driving_car\data\IMG\left_2020_11_09_20_01_16_181.jpg,C:\self_driving_car\data\IMG\right_2020_11_09_20_01_16_181.jpg,0,0.2715753,0,23.09262
C:\self_driving_car\data\IMG\center_2020_11_09_20_01_16_268.jpg,C:\self_driving_car\data\IMG\left_2020_11_09_20_01_16_268.jpg,C:\self_driving_car\data\IMG\right_2020_11_09_20_01_16_268.jpg,0,0.5305368,0,23.34472
C:\self_driving_car\data\IMG\center_2020_11_09_20_01_16_354.jpg,C:\self_driving_car\data\IMG\left_2020_11_09_20_01_16_354.jpg,C:\self_driving_car\data\IMG\right_2020_11_09_20_01_16_354.jpg,0,0.7910439,0,23.92513
C:\self_driving_car\data\IMG\center_2020_11_09_20_01_16_442.jpg,C:\self_driving_car\data\IMG\left_2020_11_09_20_01_16_442.jpg,C:\self_driving_car\data\IMG\right_2020_11_09_20_01_16_442.jpg,0,1,0,24.65621
C:\self_driving_car\data\IMG\center_2020_11_09_20_01_16_533.jpg,C:\self_driving_car\data\IMG\left_2020_11_09_20_01_16_533.jpg,C:\self_driving_car\data\IMG\right_2020_11_09_20_01_16_533.jpg,0,1,0,25.42285
C:\self_driving_car\data\IMG\center_2020_11_09_20_01_16_615.jpg,C:\self_driving_car\data\IMG\left_2020_11_09_20_01_16_615.jpg,C:\self_driving_car\data\IMG\right_2020_11_09_20_01_16_615.jpg,0,1,0,26.37391
C:\self_driving_car\data\IMG\center_2020_11_09_20_01_16_701.jpg,C:\self_driving_car\data\IMG\left_2020_11_09_20_01_16_701.jpg,C:\self_driving_car\data\IMG\right_2020_11_09_20_01_16_701.jpg,0,1,0,27.12939
C:\self_driving_car\data\IMG\center_2020_11_09_20_01_16_787.jpg,C:\self_driving_car\data\IMG\left_2020_11_09_20_01_16_787.jpg,C:\self_driving_car\data\IMG\right_2020_11_09_20_01_16_787.jpg,0,1,0,27.87914
C:\self_driving_car\data\IMG\center_2020_11_09_20_01_16_876.jpg,C:\self_driving_car\data\IMG\left_2020_11_09_20_01_16_876.jpg,C:\self_driving_car\data\IMG\right_2020_11_09_20_01_16_876.jpg,-0.25,1,0,28.77056
C:\self_driving_car\data\IMG\center_2020_11_09_20_01_16_960.jpg,C:\self_driving_car\data\IMG\left_2020_11_09_20_01_16_960.jpg,C:\self_driving_car\data\IMG\right_2020_11_09_20_01_16_960.jpg,-0.45,1,0,29.39501
C:\self_driving_car\data\IMG\center_2020_11_09_20_01_17_047.jpg,C:\self_driving_car\data\IMG\left_2020_11_09_20_01_17_047.jpg,C:\self_driving_car\data\IMG\right_2020_11_09_20_01_17_047.jpg,0,0.8658163,0,29.97069
C:\self_driving_car\data\IMG\center_2020_11_09_20_01_17_135.jpg,C:\self_driving_car\data\IMG\left_2020_11_09_20_01_17_135.jpg,C:\self_driving_car\data\IMG\right_2020_11_09_20_01_17_135.jpg,0,0.6020412,0,30.09494
C:\self_driving_car\data\IMG\center_2020_11_09_20_01_17_224.jpg,C:\self_driving_car\data\IMG\left_2020_11_09_20_01_17_224.jpg,C:\self_driving_car\data\IMG\right_2020_11_09_20_01_17_224.jpg,0,0.3379293,0,30.00857
C:\self_driving_car\data\IMG\center_2020_11_09_20_01_17_304.jpg,C:\self_driving_car\data\IMG\left_2020_11_09_20_01_17_304.jpg,C:\self_driving_car\data\IMG\right_2020_11_09_20_01_17_304.jpg,0,0.5778856,0,30.09534
C:\self_driving_car\data\IMG\center_2020_11_09_20_01_17_393.jpg,C:\self_driving_car\data\IMG\left_2020_11_09_20_01_17_393.jpg,C:\self_driving_car\data\IMG\right_2020_11_09_20_01_17_393.jpg,0,0.8476239,0,30.16438
C:\self_driving_car\data\IMG\center_2020_11_09_20_01_17_477.jpg,C:\self_driving_car\data\IMG\left_2020_11_09_20_01_17_477.jpg,C:\self_driving_car\data\IMG\right_2020_11_09_20_01_17_477.jpg,0,1,0,30.19081
C:\self_driving_car\data\IMG\center_2020_11_09_20_01_17_566.jpg,C:\self_driving_car\data\IMG\left_2020_11_09_20_01_17_566.jpg,C:\self_driving_car\data\IMG\right_2020_11_09_20_01_17_566.jpg,-0.2,1,0,30.17949
C:\self_driving_car\data\IMG\center_2020_11_09_20_01_17_654.jpg,C:\self_driving_car\data\IMG\left_2020_11_09_20_01_17_654.jpg,C:\self_driving_car\data\IMG\right_2020_11_09_20_01_17_654.jpg,-0.45,1,0,30.15046
C:\self_driving_car\data\IMG\center_2020_11_09_20_01_17_740.jpg,C:\self_driving_car\data\IMG\left_2020_11_09_20_01_17_740.jpg,C:\self_driving_car\data\IMG\right_2020_11_09_20_01_17_740.jpg,-0.6500001,1,0,30.12651
C:\self_driving_car\data\IMG\center_2020_11_09_20_01_17_824.jpg,C:\self_driving_car\data\IMG\left_2020_11_09_20_01_17_824.jpg,C:\self_driving_car\data\IMG\right_2020_11_09_20_01_17_824.jpg,0,0.87664,0,30.14365
C:\self_driving_car\data\IMG\center_2020_11_09_20_01_17_907.jpg,C:\self_driving_car\data\IMG\left_2020_11_09_20_01_17_907.jpg,C:\self_driving_car\data\IMG\right_2020_11_09_20_01_17_907.jpg,0,0.6246001,0,30.08016
C:\self_driving_car\data\IMG\center_2020_11_09_20_01_17_996.jpg,C:\self_driving_car\data\IMG\left_2020_11_09_20_01_17_996.jpg,C:\self_driving_car\data\IMG\right_2020_11_09_20_01_17_996.jpg,0,0.3586426,0,30.01828
C:\self_driving_car\data\IMG\center_2020_11_09_20_01_18_084.jpg,C:\self_driving_car\data\IMG\left_2020_11_09_20_01_18_084.jpg,C:\self_driving_car\data\IMG\right_2020_11_09_20_01_18_084.jpg,0,0.3582466,0,30.01814
C:\self_driving_car\data\IMG\center_2020_11_09_20_01_18_182.jpg,C:\self_driving_car\data\IMG\left_2020_11_09_20_01_18_182.jpg,C:\self_driving_car\data\IMG\right_2020_11_09_20_01_18_182.jpg,0,0.6540449,0,30.09409
C:\self_driving_car\data\IMG\center_2020_11_09_20_01_18_261.jpg,C:\self_driving_car\data\IMG\left_2020_11_09_20_01_18_261.jpg,C:\self_driving_car\data\IMG\right_2020_11_09_20_01_18_261.jpg,0,0.890267,0,30.17191
C:\self_driving_car\data\IMG\center_2020_11_09_20_01_18_351.jpg,C:\self_driving_car\data\IMG\left_2020_11_09_20_01_18_351.jpg,C:\self_driving_car\data\IMG\right_2020_11_09_20_01_18_351.jpg,0,1,0,30.19313
C:\self_driving_car\data\IMG\center_2020_11_09_20_01_18_437.jpg,C:\self_driving_car\data\IMG\left_2020_11_09_20_01_18_437.jpg,C:\self_driving_car\data\IMG\right_2020_11_09_20_01_18_437.jpg,0,1,0,30.1885
C:\self_driving_car\data\IMG\center_2020_11_09_20_01_18_523.jpg,C:\self_driving_car\data\IMG\left_2020_11_09_20_01_18_523.jpg,C:\self_driving_car\data\IMG\right_2020_11_09_20_01_18_523.jpg,0.2,1,0,30.17944
C:\self_driving_car\data\IMG\center_2020_11_09_20_01_18_614.jpg,C:\self_driving_car\data\IMG\left_2020_11_09_20_01_18_614.jpg,C:\self_driving_car\data\IMG\right_2020_11_09_20_01_18_614.jpg,0.4,1,0,30.15762
C:\self_driving_car\data\IMG\center_2020_11_09_20_01_18_691.jpg,C:\self_driving_car\data\IMG\left_2020_11_09_20_01_18_691.jpg,C:\self_driving_car\data\IMG\right_2020_11_09_20_01_18_691.jpg,0.6000001,1,0,30.13452
C:\self_driving_car\data\IMG\center_2020_11_09_20_01_18_792.jpg,C:\self_driving_car\data\IMG\left_2020_11_09_20_01_18_792.jpg,C:\self_driving_car\data\IMG\right_2020_11_09_20_01_18_792.jpg,0,0.6963658,0,30.10153
C:\self_driving_car\data\IMG\center_2020_11_09_20_01_18_893.jpg,C:\self_driving_car\data\IMG\left_2020_11_09_20_01_18_893.jpg,C:\self_driving_car\data\IMG\right_2020_11_09_20_01_18_893.jpg,0,0.393586,0,30.02501
C:\self_driving_car\data\IMG\center_2020_11_09_20_01_18_999.jpg,C:\self_driving_car\data\IMG\left_2020_11_09_20_01_18_999.jpg,C:\self_driving_car\data\IMG\right_2020_11_09_20_01_18_999.jpg,0,0.07823804,0,29.87635
C:\self_driving_car\data\IMG\center_2020_11_09_20_01_19_104.jpg,C:\self_driving_car\data\IMG\left_2020_11_09_20_01_19_104.jpg,C:\self_driving_car\data\IMG\right_2020_11_09_20_01_19_104.jpg,0,0.3943381,0,29.90206
C:\self_driving_car\data\IMG\center_2020_11_09_20_01_19_205.jpg,C:\self_driving_car\data\IMG\left_2020_11_09_20_01_19_205.jpg,C:\self_driving_car\data\IMG\right_2020_11_09_20_01_19_205.jpg,0,0.6996542,0,30.1239
C:\self_driving_car\data\IMG\center_2020_11_09_20_01_19_275.jpg,C:\self_driving_car\data\IMG\left_2020_11_09_20_01_19_275.jpg,C:\self_driving_car\data\IMG\right_2020_11_09_20_01_19_275.jpg,0,0.9085544,0,30.17032
C:\self_driving_car\data\IMG\center_2020_11_09_20_01_19_376.jpg,C:\self_driving_car\data\IMG\left_2020_11_09_20_01_19_376.jpg,C:\self_driving_car\data\IMG\right_2020_11_09_20_01_19_376.jpg,-0.25,1,0,30.17644
C:\self_driving_car\data\IMG\center_2020_11_09_20_01_19_487.jpg,C:\self_driving_car\data\IMG\left_2020_11_09_20_01_19_487.jpg,C:\self_driving_car\data\IMG\right_2020_11_09_20_01_19_487.jpg,0,0.8292577,0,30.14987
C:\self_driving_car\data\IMG\center_2020_11_09_20_01_19_595.jpg,C:\self_driving_car\data\IMG\left_2020_11_09_20_01_19_595.jpg,C:\self_driving_car\data\IMG\right_2020_11_09_20_01_19_595.jpg,0,1,0,30.19023
C:\self_driving_car\data\IMG\center_2020_11_09_20_01_19_713.jpg,C:\self_driving_car\data\IMG\left_2020_11_09_20_01_19_713.jpg,C:\self_driving_car\data\IMG\right_2020_11_09_20_01_19_713.jpg,0,1,0,30.19065
C:\self_driving_car\data\IMG\center_2020_11_09_20_01_19_806.jpg,C:\self_driving_car\data\IMG\left_2020_11_09_20_01_19_806.jpg,C:\self_driving_car\data\IMG\right_2020_11_09_20_01_19_806.jpg,0,1,0,30.19063
C:\self_driving_car\data\IMG\center_2020_11_09_20_01_19_909.jpg,C:\self_driving_car\data\IMG\left_2020_11_09_20_01_19_909.jpg,C:\self_driving_car\data\IMG\right_2020_11_09_20_01_19_909.jpg,0,1,0,30.19096
C:\self_driving_car\data\IMG\center_2020_11_09_20_01_20_005.jpg,C:\self_driving_car\data\IMG\left_2020_11_09_20_01_20_005.jpg,C:\self_driving_car\data\IMG\right_2020_11_09_20_01_20_005.jpg,0,1,0,30.19081
C:\self_driving_car\data\IMG\center_2020_11_09_20_01_20_099.jpg,C:\self_driving_car\data\IMG\left_2020_11_09_20_01_20_099.jpg,C:\self_driving_car\data\IMG\right_2020_11_09_20_01_20_099.jpg,-0.15,1,0,30.18491
C:\self_driving_car\data\IMG\center_2020_11_09_20_01_20_195.jpg,C:\self_driving_car\data\IMG\left_2020_11_09_20_01_20_195.jpg,C:\self_driving_car\data\IMG\right_2020_11_09_20_01_20_195.jpg,-0.4,1,0,30.15694
C:\self_driving_car\data\IMG\center_2020_11_09_20_01_20_292.jpg,C:\self_driving_car\data\IMG\left_2020_11_09_20_01_20_292.jpg,C:\self_driving_car\data\IMG\right_2020_11_09_20_01_20_292.jpg,0,1,0,30.18596
C:\self_driving_car\data\IMG\center_2020_11_09_20_01_20_388.jpg,C:\self_driving_car\data\IMG\left_2020_11_09_20_01_20_388.jpg,C:\self_driving_car\data\IMG\right_2020_11_09_20_01_20_388.jpg,0,1,0,30.19045
C:\self_driving_car\data\IMG\center_2020_11_09_20_01_20_468.jpg,C:\self_driving_car\data\IMG\left_2020_11_09_20_01_20_468.jpg,C:\self_driving_car\data\IMG\right_2020_11_09_20_01_20_468.jpg,0,1,0,30.18966
C:\self_driving_car\data\IMG\center_2020_11_09_20_01_20_546.jpg,C:\self_driving_car\data\IMG\left_2020_11_09_20_01_20_546.jpg,C:\self_driving_car\data\IMG\right_2020_11_09_20_01_20_546.jpg,0,1,0,30.19022
C:\self_driving_car\data\IMG\center_2020_11_09_20_01_20_624.jpg,C:\self_driving_car\data\IMG\left_2020_11_09_20_01_20_624.jpg,C:\self_driving_car\data\IMG\right_2020_11_09_20_01_20_624.jpg,0,1,0,30.19031
C:\self_driving_car\data\IMG\center_2020_11_09_20_01_20_709.jpg,C:\self_driving_car\data\IMG\left_2020_11_09_20_01_20_709.jpg,C:\self_driving_car\data\IMG\right_2020_11_09_20_01_20_709.jpg,-0.2,1,0,30.1804
C:\self_driving_car\data\IMG\center_2020_11_09_20_01_20_788.jpg,C:\self_driving_car\data\IMG\left_2020_11_09_20_01_20_788.jpg,C:\self_driving_car\data\IMG\right_2020_11_09_20_01_20_788.jpg,-0.4,1,0,30.15794
C:\self_driving_car\data\IMG\center_2020_11_09_20_01_20_865.jpg,C:\self_driving_car\data\IMG\left_2020_11_09_20_01_20_865.jpg,C:\self_driving_car\data\IMG\right_2020_11_09_20_01_20_865.jpg,0,0.8730766,0,30.14809
C:\self_driving_car\data\IMG\center_2020_11_09_20_01_20_947.jpg,C:\self_driving_car\data\IMG\left_2020_11_09_20_01_20_947.jpg,C:\self_driving_car\data\IMG\right_2020_11_09_20_01_20_947.jpg,0,1,0,30.19101
C:\self_driving_car\data\IMG\center_2020_11_09_20_01_21_028.jpg,C:\self_driving_car\data\IMG\left_2020_11_09_20_01_21_028.jpg,C:\self_driving_car\data\IMG\right_2020_11_09_20_01_21_028.jpg,0,1,0,30.19027
C:\self_driving_car\data\IMG\center_2020_11_09_20_01_21_102.jpg,C:\self_driving_car\data\IMG\left_2020_11_09_20_01_21_102.jpg,C:\self_driving_car\data\IMG\right_2020_11_09_20_01_21_102.jpg,0,1,0,30.19028
C:\self_driving_car\data\IMG\center_2020_11_09_20_01_21_183.jpg,C:\self_driving_car\data\IMG\left_2020_11_09_20_01_21_183.jpg,C:\self_driving_car\data\IMG\right_2020_11_09_20_01_21_183.jpg,0,1,0,30.19041
C:\self_driving_car\data\IMG\center_2020_11_09_20_01_21_263.jpg,C:\self_driving_car\data\IMG\left_2020_11_09_20_01_21_263.jpg,C:\self_driving_car\data\IMG\right_2020_11_09_20_01_21_263.jpg,0,1,0,30.19031
C:\self_driving_car\data\IMG\center_2020_11_09_20_01_21_346.jpg,C:\self_driving_car\data\IMG\left_2020_11_09_20_01_21_346.jpg,C:\self_driving_car\data\IMG\right_2020_11_09_20_01_21_346.jpg,0,1,0,30.19029
C:\self_driving_car\data\IMG\center_2020_11_09_20_01_21_429.jpg,C:\self_driving_car\data\IMG\left_2020_11_09_20_01_21_429.jpg,C:\self_driving_car\data\IMG\right_2020_11_09_20_01_21_429.jpg,-0.2,1,0,30.17986
C:\self_driving_car\data\IMG\center_2020_11_09_20_01_21_514.jpg,C:\self_driving_car\data\IMG\left_2020_11_09_20_01_21_514.jpg,C:\self_driving_car\data\IMG\right_2020_11_09_20_01_21_514.jpg,0,0.8793874,0,30.1519
C:\self_driving_car\data\IMG\center_2020_11_09_20_01_21_595.jpg,C:\self_driving_car\data\IMG\left_2020_11_09_20_01_21_595.jpg,C:\self_driving_car\data\IMG\right_2020_11_09_20_01_21_595.jpg,0,0.6301126,0,30.10197
C:\self_driving_car\data\IMG\center_2020_11_09_20_01_21_662.jpg,C:\self_driving_car\data\IMG\left_2020_11_09_20_01_21_662.jpg,C:\self_driving_car\data\IMG\right_2020_11_09_20_01_21_662.jpg,0,0.4283989,0,30.04056
C:\self_driving_car\data\IMG\center_2020_11_09_20_01_21_735.jpg,C:\self_driving_car\data\IMG\left_2020_11_09_20_01_21_735.jpg,C:\self_driving_car\data\IMG\right_2020_11_09_20_01_21_735.jpg,0,0.6422854,0,30.11112
C:\self_driving_car\data\IMG\center_2020_11_09_20_01_21_809.jpg,C:\self_driving_car\data\IMG\left_2020_11_09_20_01_21_809.jpg,C:\self_driving_car\data\IMG\right_2020_11_09_20_01_21_809.jpg,0,0.8690056,0,30.12584
C:\self_driving_car\data\IMG\center_2020_11_09_20_01_21_894.jpg,C:\self_driving_car\data\IMG\left_2020_11_09_20_01_21_894.jpg,C:\self_driving_car\data\IMG\right_2020_11_09_20_01_21_894.jpg,0,1,0,30.19007
C:\self_driving_car\data\IMG\center_2020_11_09_20_01_21_975.jpg,C:\self_driving_car\data\IMG\left_2020_11_09_20_01_21_975.jpg,C:\self_driving_car\data\IMG\right_2020_11_09_20_01_21_975.jpg,0,1,0,30.19029
C:\self_driving_car\data\IMG\center_2020_11_09_20_01_22_045.jpg,C:\self_driving_car\data\IMG\left_2020_11_09_20_01_22_045.jpg,C:\self_driving_car\data\IMG\right_2020_11_09_20_01_22_045.jpg,0,1,0,30.19028
C:\self_driving_car\data\IMG\center_2020_11_09_20_01_22_123.jpg,C:\self_driving_car\data\IMG\left_2020_11_09_20_01_22_123.jpg,C:\self_driving_car\data\IMG\right_2020_11_09_20_01_22_123.jpg,0,1,0,30.1903
C:\self_driving_car\data\IMG\center_2020_11_09_20_01_22_201.jpg,C:\self_driving_car\data\IMG\left_2020_11_09_20_01_22_201.jpg,C:\self_driving_car\data\IMG\right_2020_11_09_20_01_22_201.jpg,0,1,0,30.19029
C:\self_driving_car\data\IMG\center_2020_11_09_20_01_22_278.jpg,C:\self_driving_car\data\IMG\left_2020_11_09_20_01_22_278.jpg,C:\self_driving_car\data\IMG\right_2020_11_09_20_01_22_278.jpg,0,1,0,30.19029
C:\self_driving_car\data\IMG\center_2020_11_09_20_01_22_359.jpg,C:\self_driving_car\data\IMG\left_2020_11_09_20_01_22_359.jpg,C:\self_driving_car\data\IMG\right_2020_11_09_20_01_22_359.jpg,0,1,0,30.1903
C:\self_driving_car\data\IMG\center_2020_11_09_20_01_22_430.jpg,C:\self_driving_car\data\IMG\left_2020_11_09_20_01_22_430.jpg,C:\self_driving_car\data\IMG\right_2020_11_09_20_01_22_430.jpg,-0.05,1,0,30.1897
C:\self_driving_car\data\IMG\center_2020_11_09_20_01_22_504.jpg,C:\self_driving_car\data\IMG\left_2020_11_09_20_01_22_504.jpg,C:\self_driving_car\data\IMG\right_2020_11_09_20_01_22_504.jpg,-0.25,1,0,30.17476
C:\self_driving_car\data\IMG\center_2020_11_09_20_01_22_585.jpg,C:\self_driving_car\data\IMG\left_2020_11_09_20_01_22_585.jpg,C:\self_driving_car\data\IMG\right_2020_11_09_20_01_22_585.jpg,0,1,0,30.19009
C:\self_driving_car\data\IMG\center_2020_11_09_20_01_22_665.jpg,C:\self_driving_car\data\IMG\left_2020_11_09_20_01_22_665.jpg,C:\self_driving_car\data\IMG\right_2020_11_09_20_01_22_665.jpg,0,1,0,30.18985
C:\self_driving_car\data\IMG\center_2020_11_09_20_01_22_742.jpg,C:\self_driving_car\data\IMG\left_2020_11_09_20_01_22_742.jpg,C:\self_driving_car\data\IMG\right_2020_11_09_20_01_22_742.jpg,0,1,0,30.19018
C:\self_driving_car\data\IMG\center_2020_11_09_20_01_22_820.jpg,C:\self_driving_car\data\IMG\left_2020_11_09_20_01_22_820.jpg,C:\self_driving_car\data\IMG\right_2020_11_09_20_01_22_820.jpg,0,1,0,30.19027
C:\self_driving_car\data\IMG\center_2020_11_09_20_01_22_894.jpg,C:\self_driving_car\data\IMG\left_2020_11_09_20_01_22_894.jpg,C:\self_driving_car\data\IMG\right_2020_11_09_20_01_22_894.jpg,0,1,0,30.1903
C:\self_driving_car\data\IMG\center_2020_11_09_20_01_22_971.jpg,C:\self_driving_car\data\IMG\left_2020_11_09_20_01_22_971.jpg,C:\self_driving_car\data\IMG\right_2020_11_09_20_01_22_971.jpg,0,1,0,30.19031
C:\self_driving_car\data\IMG\center_2020_11_09_20_01_23_047.jpg,C:\self_driving_car\data\IMG\left_2020_11_09_20_01_23_047.jpg,C:\self_driving_car\data\IMG\right_2020_11_09_20_01_23_047.jpg,0,1,0,30.19029
C:\self_driving_car\data\IMG\center_2020_11_09_20_01_23_120.jpg,C:\self_driving_car\data\IMG\left_2020_11_09_20_01_23_120.jpg,C:\self_driving_car\data\IMG\right_2020_11_09_20_01_23_120.jpg,-0.2,1,0,30.17994
C:\self_driving_car\data\IMG\center_2020_11_09_20_01_23_200.jpg,C:\self_driving_car\data\IMG\left_2020_11_09_20_01_23_200.jpg,C:\self_driving_car\data\IMG\right_2020_11_09_20_01_23_200.jpg,-0.4,1,0,30.1576
C:\self_driving_car\data\IMG\center_2020_11_09_20_01_23_279.jpg,C:\self_driving_car\data\IMG\left_2020_11_09_20_01_23_279.jpg,C:\self_driving_car\data\IMG\right_2020_11_09_20_01_23_279.jpg,0,1,0,30.18901
C:\self_driving_car\data\IMG\center_2020_11_09_20_01_23_358.jpg,C:\self_driving_car\data\IMG\left_2020_11_09_20_01_23_358.jpg,C:\self_driving_car\data\IMG\right_2020_11_09_20_01_23_358.jpg,0,1,0,30.19001
C:\self_driving_car\data\IMG\center_2020_11_09_20_01_23_439.jpg,C:\self_driving_car\data\IMG\left_2020_11_09_20_01_23_439.jpg,C:\self_driving_car\data\IMG\right_2020_11_09_20_01_23_439.jpg,0,1,0,30.19032
C:\self_driving_car\data\IMG\center_2020_11_09_20_01_23_518.jpg,C:\self_driving_car\data\IMG\left_2020_11_09_20_01_23_518.jpg,C:\self_driving_car\data\IMG\right_2020_11_09_20_01_23_518.jpg,0,1,0,30.1903
C:\self_driving_car\data\IMG\center_2020_11_09_20_01_23_596.jpg,C:\self_driving_car\data\IMG\left_2020_11_09_20_01_23_596.jpg,C:\self_driving_car\data\IMG\right_2020_11_09_20_01_23_596.jpg,0,1,0,30.19029
C:\self_driving_car\data\IMG\center_2020_11_09_20_01_23_680.jpg,C:\self_driving_car\data\IMG\left_2020_11_09_20_01_23_680.jpg,C:\self_driving_car\data\IMG\right_2020_11_09_20_01_23_680.jpg,0,1,0,30.1903
C:\self_driving_car\data\IMG\center_2020_11_09_20_01_23_753.jpg,C:\self_driving_car\data\IMG\left_2020_11_09_20_01_23_753.jpg,C:\self_driving_car\data\IMG\right_2020_11_09_20_01_23_753.jpg,0,1,0,30.19031
C:\self_driving_car\data\IMG\center_2020_11_09_20_01_23_828.jpg,C:\self_driving_car\data\IMG\left_2020_11_09_20_01_23_828.jpg,C:\self_driving_car\data\IMG\right_2020_11_09_20_01_23_828.jpg,0,1,0,30.19029
C:\self_driving_car\data\IMG\center_2020_11_09_20_01_23_917.jpg,C:\self_driving_car\data\IMG\left_2020_11_09_20_01_23_917.jpg,C:\self_driving_car\data\IMG\right_2020_11_09_20_01_23_917.jpg,0,1,0,30.19031
C:\self_driving_car\data\IMG\center_2020_11_09_20_01_24_000.jpg,C:\self_driving_car\data\IMG\left_2020_11_09_20_01_24_000.jpg,C:\self_driving_car\data\IMG\right_2020_11_09_20_01_24_000.jpg,0,1,0,30.19031
C:\self_driving_car\data\IMG\center_2020_11_09_20_01_24_085.jpg,C:\self_driving_car\data\IMG\left_2020_11_09_20_01_24_085.jpg,C:\self_driving_car\data\IMG\right_2020_11_09_20_01_24_085.jpg,0,1,0,30.1903
C:\self_driving_car\data\IMG\center_2020_11_09_20_01_24_165.jpg,C:\self_driving_car\data\IMG\left_2020_11_09_20_01_24_165.jpg,C:\self_driving_car\data\IMG\right_2020_11_09_20_01_24_165.jpg,0,1,0,30.19028
C:\self_driving_car\data\IMG\center_2020_11_09_20_01_24_248.jpg,C:\self_driving_car\data\IMG\left_2020_11_09_20_01_24_248.jpg,C:\self_driving_car\data\IMG\right_2020_11_09_20_01_24_248.jpg,0,1,0,30.19029
C:\self_driving_car\data\IMG\center_2020_11_09_20_01_24_334.jpg,C:\self_driving_car\data\IMG\left_2020_11_09_20_01_24_334.jpg,C:\self_driving_car\data\IMG\right_2020_11_09_20_01_24_334.jpg,0,1,0,30.19029
C:\self_driving_car\data\IMG\center_2020_11_09_20_01_24_427.jpg,C:\self_driving_car\data\IMG\left_2020_11_09_20_01_24_427.jpg,C:\self_driving_car\data\IMG\right_2020_11_09_20_01_24_427.jpg,0,1,0,30.19031
C:\self_driving_car\data\IMG\center_2020_11_09_20_01_24_515.jpg,C:\self_driving_car\data\IMG\left_2020_11_09_20_01_24_515.jpg,C:\self_driving_car\data\IMG\right_2020_11_09_20_01_24_515.jpg,0,1,0,30.1903
C:\self_driving_car\data\IMG\center_2020_11_09_20_01_24_596.jpg,C:\self_driving_car\data\IMG\left_2020_11_09_20_01_24_596.jpg,C:\self_driving_car\data\IMG\right_2020_11_09_20_01_24_596.jpg,0,1,0,30.1903
C:\self_driving_car\data\IMG\center_2020_11_09_20_01_24_680.jpg,C:\self_driving_car\data\IMG\left_2020_11_09_20_01_24_680.jpg,C:\self_driving_car\data\IMG\right_2020_11_09_20_01_24_680.jpg,0.2,1,0,30.17984
C:\self_driving_car\data\IMG\center_2020_11_09_20_01_24_769.jpg,C:\self_driving_car\data\IMG\left_2020_11_09_20_01_24_769.jpg,C:\self_driving_car\data\IMG\right_2020_11_09_20_01_24_769.jpg,0,1,0,30.19106
C:\self_driving_car\data\IMG\center_2020_11_09_20_01_24_879.jpg,C:\self_driving_car\data\IMG\left_2020_11_09_20_01_24_879.jpg,C:\self_driving_car\data\IMG\right_2020_11_09_20_01_24_879.jpg,0,1,0,30.19013
C:\self_driving_car\data\IMG\center_2020_11_09_20_01_25_000.jpg,C:\self_driving_car\data\IMG\left_2020_11_09_20_01_25_000.jpg,C:\self_driving_car\data\IMG\right_2020_11_09_20_01_25_000.jpg,0,1,0,30.19029
C:\self_driving_car\data\IMG\center_2020_11_09_20_01_25_120.jpg,C:\self_driving_car\data\IMG\left_2020_11_09_20_01_25_120.jpg,C:\self_driving_car\data\IMG\right_2020_11_09_20_01_25_120.jpg,0,1,0,30.1903
C:\self_driving_car\data\IMG\center_2020_11_09_20_01_25_240.jpg,C:\self_driving_car\data\IMG\left_2020_11_09_20_01_25_240.jpg,C:\self_driving_car\data\IMG\right_2020_11_09_20_01_25_240.jpg,0,1,0,30.19029
C:\self_driving_car\data\IMG\center_2020_11_09_20_01_25_360.jpg,C:\self_driving_car\data\IMG\left_2020_11_09_20_01_25_360.jpg,C:\self_driving_car\data\IMG\right_2020_11_09_20_01_25_360.jpg,0,1,0,30.19031
C:\self_driving_car\data\IMG\center_2020_11_09_20_01_25_482.jpg,C:\self_driving_car\data\IMG\left_2020_11_09_20_01_25_482.jpg,C:\self_driving_car\data\IMG\right_2020_11_09_20_01_25_482.jpg,0,1,0,30.19029
C:\self_driving_car\data\IMG\center_2020_11_09_20_01_25_610.jpg,C:\self_driving_car\data\IMG\left_2020_11_09_20_01_25_610.jpg,C:\self_driving_car\data\IMG\right_2020_11_09_20_01_25_610.jpg,-0.3,1,0,30.1693
C:\self_driving_car\data\IMG\center_2020_11_09_20_01_25_728.jpg,C:\self_driving_car\data\IMG\left_2020_11_09_20_01_25_728.jpg,C:\self_driving_car\data\IMG\right_2020_11_09_20_01_25_728.jpg,0,1,0,30.19003
C:\self_driving_car\data\IMG\center_2020_11_09_20_01_25_840.jpg,C:\self_driving_car\data\IMG\left_2020_11_09_20_01_25_840.jpg,C:\self_driving_car\data\IMG\right_2020_11_09_20_01_25_840.jpg,0,1,0,30.19028
C:\self_driving_car\data\IMG\center_2020_11_09_20_01_25_951.jpg,C:\self_driving_car\data\IMG\left_2020_11_09_20_01_25_951.jpg,C:\self_driving_car\data\IMG\right_2020_11_09_20_01_25_951.jpg,0,1,0,30.1903
C:\self_driving_car\data\IMG\center_2020_11_09_20_01_26_059.jpg,C:\self_driving_car\data\IMG\left_2020_11_09_20_01_26_059.jpg,C:\self_driving_car\data\IMG\right_2020_11_09_20_01_26_059.jpg,0,1,0,30.19021
C:\self_driving_car\data\IMG\center_2020_11_09_20_01_26_153.jpg,C:\self_driving_car\data\IMG\left_2020_11_09_20_01_26_153.jpg,C:\self_driving_car\data\IMG\right_2020_11_09_20_01_26_153.jpg,-0.1,1,0,30.18772
C:\self_driving_car\data\IMG\center_2020_11_09_20_01_26_254.jpg,C:\self_driving_car\data\IMG\left_2020_11_09_20_01_26_254.jpg,C:\self_driving_car\data\IMG\right_2020_11_09_20_01_26_254.jpg,0,1,0,30.18933
C:\self_driving_car\data\IMG\center_2020_11_09_20_01_26_334.jpg,C:\self_driving_car\data\IMG\left_2020_11_09_20_01_26_334.jpg,C:\self_driving_car\data\IMG\right_2020_11_09_20_01_26_334.jpg,0,1,0,30.19016
C:\self_driving_car\data\IMG\center_2020_11_09_20_01_26_421.jpg,C:\self_driving_car\data\IMG\left_2020_11_09_20_01_26_421.jpg,C:\self_driving_car\data\IMG\right_2020_11_09_20_01_26_421.jpg,0,1,0,30.19028
C:\self_driving_car\data\IMG\center_2020_11_09_20_01_26_507.jpg,C:\self_driving_car\data\IMG\left_2020_11_09_20_01_26_507.jpg,C:\self_driving_car\data\IMG\right_2020_11_09_20_01_26_507.jpg,0,1,0,30.19029
C:\self_driving_car\data\IMG\center_2020_11_09_20_01_26_593.jpg,C:\self_driving_car\data\IMG\left_2020_11_09_20_01_26_593.jpg,C:\self_driving_car\data\IMG\right_2020_11_09_20_01_26_593.jpg,0,1,0,30.1903
C:\self_driving_car\data\IMG\center_2020_11_09_20_01_26_680.jpg,C:\self_driving_car\data\IMG\left_2020_11_09_20_01_26_680.jpg,C:\self_driving_car\data\IMG\right_2020_11_09_20_01_26_680.jpg,0,1,0,30.19032
C:\self_driving_car\data\IMG\center_2020_11_09_20_01_26_768.jpg,C:\self_driving_car\data\IMG\left_2020_11_09_20_01_26_768.jpg,C:\self_driving_car\data\IMG\right_2020_11_09_20_01_26_768.jpg,0,1,0,30.1903
C:\self_driving_car\data\IMG\center_2020_11_09_20_01_26_852.jpg,C:\self_driving_car\data\IMG\left_2020_11_09_20_01_26_852.jpg,C:\self_driving_car\data\IMG\right_2020_11_09_20_01_26_852.jpg,0,1,0,30.1903
C:\self_driving_car\data\IMG\center_2020_11_09_20_01_26_941.jpg,C:\self_driving_car\data\IMG\left_2020_11_09_20_01_26_941.jpg,C:\self_driving_car\data\IMG\right_2020_11_09_20_01_26_941.jpg,0,1,0,30.1903
C:\self_driving_car\data\IMG\center_2020_11_09_20_01_27_033.jpg,C:\self_driving_car\data\IMG\left_2020_11_09_20_01_27_033.jpg,C:\self_driving_car\data\IMG\right_2020_11_09_20_01_27_033.jpg,0,1,0,30.19029
C:\self_driving_car\data\IMG\center_2020_11_09_20_01_27_112.jpg,C:\self_driving_car\data\IMG\left_2020_11_09_20_01_27_112.jpg,C:\self_driving_car\data\IMG\right_2020_11_09_20_01_27_112.jpg,0,1,0,30.1903
C:\self_driving_car\data\IMG\center_2020_11_09_20_01_27_212.jpg,C:\self_driving_car\data\IMG\left_2020_11_09_20_01_27_212.jpg,C:\self_driving_car\data\IMG\right_2020_11_09_20_01_27_212.jpg,-0.1,1,0,30.18807
C:\self_driving_car\data\IMG\center_2020_11_09_20_01_27_305.jpg,C:\self_driving_car\data\IMG\left_2020_11_09_20_01_27_305.jpg,C:\self_driving_car\data\IMG\right_2020_11_09_20_01_27_305.jpg,0,1,0,30.19094
C:\self_driving_car\data\IMG\center_2020_11_09_20_01_27_398.jpg,C:\self_driving_car\data\IMG\left_2020_11_09_20_01_27_398.jpg,C:\self_driving_car\data\IMG\right_2020_11_09_20_01_27_398.jpg,0,1,0,30.19008
C:\self_driving_car\data\IMG\center_2020_11_09_20_01_27_491.jpg,C:\self_driving_car\data\IMG\left_2020_11_09_20_01_27_491.jpg,C:\self_driving_car\data\IMG\right_2020_11_09_20_01_27_491.jpg,0,1,0,30.18972
C:\self_driving_car\data\IMG\center_2020_11_09_20_01_27_579.jpg,C:\self_driving_car\data\IMG\left_2020_11_09_20_01_27_579.jpg,C:\self_driving_car\data\IMG\right_2020_11_09_20_01_27_579.jpg,0,1,0,30.1901
C:\self_driving_car\data\IMG\center_2020_11_09_20_01_27_679.jpg,C:\self_driving_car\data\IMG\left_2020_11_09_20_01_27_679.jpg,C:\self_driving_car\data\IMG\right_2020_11_09_20_01_27_679.jpg,-0.15,1,0,30.18418
C:\self_driving_car\data\IMG\center_2020_11_09_20_01_27_770.jpg,C:\self_driving_car\data\IMG\left_2020_11_09_20_01_27_770.jpg,C:\self_driving_car\data\IMG\right_2020_11_09_20_01_27_770.jpg,-0.35,1,0,30.16397
C:\self_driving_car\data\IMG\center_2020_11_09_20_01_27_859.jpg,C:\self_driving_car\data\IMG\left_2020_11_09_20_01_27_859.jpg,C:\self_driving_car\data\IMG\right_2020_11_09_20_01_27_859.jpg,0,1,0,30.18943
C:\self_driving_car\data\IMG\center_2020_11_09_20_01_27_945.jpg,C:\self_driving_car\data\IMG\left_2020_11_09_20_01_27_945.jpg,C:\self_driving_car\data\IMG\right_2020_11_09_20_01_27_945.jpg,0,1,0,30.19013
C:\self_driving_car\data\IMG\center_2020_11_09_20_01_28_028.jpg,C:\self_driving_car\data\IMG\left_2020_11_09_20_01_28_028.jpg,C:\self_driving_car\data\IMG\right_2020_11_09_20_01_28_028.jpg,0,1,0,30.19027
C:\self_driving_car\data\IMG\center_2020_11_09_20_01_28_115.jpg,C:\self_driving_car\data\IMG\left_2020_11_09_20_01_28_115.jpg,C:\self_driving_car\data\IMG\right_2020_11_09_20_01_28_115.jpg,0,1,0,30.19031
C:\self_driving_car\data\IMG\center_2020_11_09_20_01_28_200.jpg,C:\self_driving_car\data\IMG\left_2020_11_09_20_01_28_200.jpg,C:\self_driving_car\data\IMG\right_2020_11_09_20_01_28_200.jpg,0,1,0,30.19032
C:\self_driving_car\data\IMG\center_2020_11_09_20_01_28_288.jpg,C:\self_driving_car\data\IMG\left_2020_11_09_20_01_28_288.jpg,C:\self_driving_car\data\IMG\right_2020_11_09_20_01_28_288.jpg,0,1,0,30.19032
C:\self_driving_car\data\IMG\center_2020_11_09_20_01_28_374.jpg,C:\self_driving_car\data\IMG\left_2020_11_09_20_01_28_374.jpg,C:\self_driving_car\data\IMG\right_2020_11_09_20_01_28_374.jpg,0,1,0,30.19031
C:\self_driving_car\data\IMG\center_2020_11_09_20_01_28_459.jpg,C:\self_driving_car\data\IMG\left_2020_11_09_20_01_28_459.jpg,C:\self_driving_car\data\IMG\right_2020_11_09_20_01_28_459.jpg,-0.1,1,0,30.18787
C:\self_driving_car\data\IMG\center_2020_11_09_20_01_28_551.jpg,C:\self_driving_car\data\IMG\left_2020_11_09_20_01_28_551.jpg,C:\self_driving_car\data\IMG\right_2020_11_09_20_01_28_551.jpg,-0.3,1,0,30.16981
C:\self_driving_car\data\IMG\center_2020_11_09_20_01_28_639.jpg,C:\self_driving_car\data\IMG\left_2020_11_09_20_01_28_639.jpg,C:\self_driving_car\data\IMG\right_2020_11_09_20_01_28_639.jpg,0,1,0,30.1899
C:\self_driving_car\data\IMG\center_2020_11_09_20_01_28_724.jpg,C:\self_driving_car\data\IMG\left_2020_11_09_20_01_28_724.jpg,C:\self_driving_car\data\IMG\right_2020_11_09_20_01_28_724.jpg,0,1,0,30.19036
C:\self_driving_car\data\IMG\center_2020_11_09_20_01_28_810.jpg,C:\self_driving_car\data\IMG\left_2020_11_09_20_01_28_810.jpg,C:\self_driving_car\data\IMG\right_2020_11_09_20_01_28_810.jpg,0,1,0,30.19029
C:\self_driving_car\data\IMG\center_2020_11_09_20_01_28_902.jpg,C:\self_driving_car\data\IMG\left_2020_11_09_20_01_28_902.jpg,C:\self_driving_car\data\IMG\right_2020_11_09_20_01_28_902.jpg,0,1,0,30.19028
C:\self_driving_car\data\IMG\center_2020_11_09_20_01_28_982.jpg,C:\self_driving_car\data\IMG\left_2020_11_09_20_01_28_982.jpg,C:\self_driving_car\data\IMG\right_2020_11_09_20_01_28_982.jpg,0,1,0,30.19054
C:\self_driving_car\data\IMG\center_2020_11_09_20_01_29_064.jpg,C:\self_driving_car\data\IMG\left_2020_11_09_20_01_29_064.jpg,C:\self_driving_car\data\IMG\right_2020_11_09_20_01_29_064.jpg,0,1,0,30.19003
C:\self_driving_car\data\IMG\center_2020_11_09_20_01_29_148.jpg,C:\self_driving_car\data\IMG\left_2020_11_09_20_01_29_148.jpg,C:\self_driving_car\data\IMG\right_2020_11_09_20_01_29_148.jpg,-0.1,1,0,30.18771
C:\self_driving_car\data\IMG\center_2020_11_09_20_01_29_235.jpg,C:\self_driving_car\data\IMG\left_2020_11_09_20_01_29_235.jpg,C:\self_driving_car\data\IMG\right_2020_11_09_20_01_29_235.jpg,-0.35,1,0,30.16355
C:\self_driving_car\data\IMG\center_2020_11_09_20_01_29_320.jpg,C:\self_driving_car\data\IMG\left_2020_11_09_20_01_29_320.jpg,C:\self_driving_car\data\IMG\right_2020_11_09_20_01_29_320.jpg,0,1,0,30.18952
C:\self_driving_car\data\IMG\center_2020_11_09_20_01_29_408.jpg,C:\self_driving_car\data\IMG\left_2020_11_09_20_01_29_408.jpg,C:\self_driving_car\data\IMG\right_2020_11_09_20_01_29_408.jpg,0,1,0,30.19009
C:\self_driving_car\data\IMG\center_2020_11_09_20_01_29_496.jpg,C:\self_driving_car\data\IMG\left_2020_11_09_20_01_29_496.jpg,C:\self_driving_car\data\IMG\right_2020_11_09_20_01_29_496.jpg,0,1,0,30.19028
C:\self_driving_car\data\IMG\center_2020_11_09_20_01_29_587.jpg,C:\self_driving_car\data\IMG\left_2020_11_09_20_01_29_587.jpg,C:\self_driving_car\data\IMG\right_2020_11_09_20_01_29_587.jpg,0,1,0,30.1903
C:\self_driving_car\data\IMG\center_2020_11_09_20_01_29_676.jpg,C:\self_driving_car\data\IMG\left_2020_11_09_20_01_29_676.jpg,C:\self_driving_car\data\IMG\right_2020_11_09_20_01_29_676.jpg,0.15,1,0,30.18392
C:\self_driving_car\data\IMG\center_2020_11_09_20_01_29_764.jpg,C:\self_driving_car\data\IMG\left_2020_11_09_20_01_29_764.jpg,C:\self_driving_car\data\IMG\right_2020_11_09_20_01_29_764.jpg,0.35,1,0,30.16322
C:\self_driving_car\data\IMG\center_2020_11_09_20_01_29_858.jpg,C:\self_driving_car\data\IMG\left_2020_11_09_20_01_29_858.jpg,C:\self_driving_car\data\IMG\right_2020_11_09_20_01_29_858.jpg,0,1,0,30.18562
C:\self_driving_car\data\IMG\center_2020_11_09_20_01_29_959.jpg,C:\self_driving_car\data\IMG\left_2020_11_09_20_01_29_959.jpg,C:\self_driving_car\data\IMG\right_2020_11_09_20_01_29_959.jpg,0,1,0,30.18933
C:\self_driving_car\data\IMG\center_2020_11_09_20_01_30_058.jpg,C:\self_driving_car\data\IMG\left_2020_11_09_20_01_30_058.jpg,C:\self_driving_car\data\IMG\right_2020_11_09_20_01_30_058.jpg,0,1,0,30.19019
C:\self_driving_car\data\IMG\center_2020_11_09_20_01_30_153.jpg,C:\self_driving_car\data\IMG\left_2020_11_09_20_01_30_153.jpg,C:\self_driving_car\data\IMG\right_2020_11_09_20_01_30_153.jpg,0,1,0,30.19029
C:\self_driving_car\data\IMG\center_2020_11_09_20_01_30_250.jpg,C:\self_driving_car\data\IMG\left_2020_11_09_20_01_30_250.jpg,C:\self_driving_car\data\IMG\right_2020_11_09_20_01_30_250.jpg,0,1,0,30.19028
C:\self_driving_car\data\IMG\center_2020_11_09_20_01_30_343.jpg,C:\self_driving_car\data\IMG\left_2020_11_09_20_01_30_343.jpg,C:\self_driving_car\data\IMG\right_2020_11_09_20_01_30_343.jpg,-0.1,1,0,30.18752
C:\self_driving_car\data\IMG\center_2020_11_09_20_01_30_438.jpg,C:\self_driving_car\data\IMG\left_2020_11_09_20_01_30_438.jpg,C:\self_driving_car\data\IMG\right_2020_11_09_20_01_30_438.jpg,0,1,0,30.19091
C:\self_driving_car\data\IMG\center_2020_11_09_20_01_30_533.jpg,C:\self_driving_car\data\IMG\left_2020_11_09_20_01_30_533.jpg,C:\self_driving_car\data\IMG\right_2020_11_09_20_01_30_533.jpg,0,1,0,30.19011
C:\self_driving_car\data\IMG\center_2020_11_09_20_01_30_635.jpg,C:\self_driving_car\data\IMG\left_2020_11_09_20_01_30_635.jpg,C:\self_driving_car\data\IMG\right_2020_11_09_20_01_30_635.jpg,0,1,0,30.18987
C:\self_driving_car\data\IMG\center_2020_11_09_20_01_30_741.jpg,C:\self_driving_car\data\IMG\left_2020_11_09_20_01_30_741.jpg,C:\self_driving_car\data\IMG\right_2020_11_09_20_01_30_741.jpg,0,1,0,30.19014
C:\self_driving_car\data\IMG\center_2020_11_09_20_01_30_860.jpg,C:\self_driving_car\data\IMG\left_2020_11_09_20_01_30_860.jpg,C:\self_driving_car\data\IMG\right_2020_11_09_20_01_30_860.jpg,0,1,0,30.18978
C:\self_driving_car\data\IMG\center_2020_11_09_20_01_30_931.jpg,C:\self_driving_car\data\IMG\left_2020_11_09_20_01_30_931.jpg,C:\self_driving_car\data\IMG\right_2020_11_09_20_01_30_931.jpg,0,1,0,30.19001
C:\self_driving_car\data\IMG\center_2020_11_09_20_01_31_043.jpg,C:\self_driving_car\data\IMG\left_2020_11_09_20_01_31_043.jpg,C:\self_driving_car\data\IMG\right_2020_11_09_20_01_31_043.jpg,0,1,0,30.19007
C:\self_driving_car\data\IMG\center_2020_11_09_20_01_31_110.jpg,C:\self_driving_car\data\IMG\left_2020_11_09_20_01_31_110.jpg,C:\self_driving_car\data\IMG\right_2020_11_09_20_01_31_110.jpg,-0.15,1,0,30.1843
C:\self_driving_car\data\IMG\center_2020_11_09_20_01_31_244.jpg,C:\self_driving_car\data\IMG\left_2020_11_09_20_01_31_244.jpg,C:\self_driving_car\data\IMG\right_2020_11_09_20_01_31_244.jpg,0,1,0,30.18971
C:\self_driving_car\data\IMG\center_2020_11_09_20_01_31_363.jpg,C:\self_driving_car\data\IMG\left_2020_11_09_20_01_31_363.jpg,C:\self_driving_car\data\IMG\right_2020_11_09_20_01_31_363.jpg,0,1,0,30.19014
C:\self_driving_car\data\IMG\center_2020_11_09_20_01_31_438.jpg,C:\self_driving_car\data\IMG\left_2020_11_09_20_01_31_438.jpg,C:\self_driving_car\data\IMG\right_2020_11_09_20_01_31_438.jpg,0,1,0,30.19022
C:\self_driving_car\data\IMG\center_2020_11_09_20_01_31_568.jpg,C:\self_driving_car\data\IMG\left_2020_11_09_20_01_31_568.jpg,C:\self_driving_car\data\IMG\right_2020_11_09_20_01_31_568.jpg,0,1,0,30.19025
C:\self_driving_car\data\IMG\center_2020_11_09_20_01_31_688.jpg,C:\self_driving_car\data\IMG\left_2020_11_09_20_01_31_688.jpg,C:\self_driving_car\data\IMG\right_2020_11_09_20_01_31_688.jpg,0,1,0,30.18989
C:\self_driving_car\data\IMG\center_2020_11_09_20_01_31_808.jpg,C:\self_driving_car\data\IMG\left_2020_11_09_20_01_31_808.jpg,C:\self_driving_car\data\IMG\right_2020_11_09_20_01_31_808.jpg,0,1,0,30.19015
C:\self_driving_car\data\IMG\center_2020_11_09_20_01_31_930.jpg,C:\self_driving_car\data\IMG\left_2020_11_09_20_01_31_930.jpg,C:\self_driving_car\data\IMG\right_2020_11_09_20_01_31_930.jpg,-0.3,1,0,30.16944
C:\self_driving_car\data\IMG\center_2020_11_09_20_01_32_061.jpg,C:\self_driving_car\data\IMG\left_2020_11_09_20_01_32_061.jpg,C:\self_driving_car\data\IMG\right_2020_11_09_20_01_32_061.jpg,0,1,0,30.18821
C:\self_driving_car\data\IMG\center_2020_11_09_20_01_32_185.jpg,C:\self_driving_car\data\IMG\left_2020_11_09_20_01_32_185.jpg,C:\self_driving_car\data\IMG\right_2020_11_09_20_01_32_185.jpg,0,1,0,30.19022
C:\self_driving_car\data\IMG\center_2020_11_09_20_01_32_286.jpg,C:\self_driving_car\data\IMG\left_2020_11_09_20_01_32_286.jpg,C:\self_driving_car\data\IMG\right_2020_11_09_20_01_32_286.jpg,0,1,0,30.19042
C:\self_driving_car\data\IMG\center_2020_11_09_20_01_32_391.jpg,C:\self_driving_car\data\IMG\left_2020_11_09_20_01_32_391.jpg,C:\self_driving_car\data\IMG\right_2020_11_09_20_01_32_391.jpg,0,1,0,30.19049
C:\self_driving_car\data\IMG\center_2020_11_09_20_01_32_481.jpg,C:\self_driving_car\data\IMG\left_2020_11_09_20_01_32_481.jpg,C:\self_driving_car\data\IMG\right_2020_11_09_20_01_32_481.jpg,0,1,0,30.19048
C:\self_driving_car\data\IMG\center_2020_11_09_20_01_32_572.jpg,C:\self_driving_car\data\IMG\left_2020_11_09_20_01_32_572.jpg,C:\self_driving_car\data\IMG\right_2020_11_09_20_01_32_572.jpg,0,1,0,30.19048
C:\self_driving_car\data\IMG\center_2020_11_09_20_01_32_680.jpg,C:\self_driving_car\data\IMG\left_2020_11_09_20_01_32_680.jpg,C:\self_driving_car\data\IMG\right_2020_11_09_20_01_32_680.jpg,0,1,0,30.19051
C:\self_driving_car\data\IMG\center_2020_11_09_20_01_32_773.jpg,C:\self_driving_car\data\IMG\left_2020_11_09_20_01_32_773.jpg,C:\self_driving_car\data\IMG\right_2020_11_09_20_01_32_773.jpg,0,1,0,30.1905
C:\self_driving_car\data\IMG\center_2020_11_09_20_01_32_873.jpg,C:\self_driving_car\data\IMG\left_2020_11_09_20_01_32_873.jpg,C:\self_driving_car\data\IMG\right_2020_11_09_20_01_32_873.jpg,-0.25,1,0,30.17558
C:\self_driving_car\data\IMG\center_2020_11_09_20_01_32_974.jpg,C:\self_driving_car\data\IMG\left_2020_11_09_20_01_32_974.jpg,C:\self_driving_car\data\IMG\right_2020_11_09_20_01_32_974.jpg,0,1,0,30.18738
C:\self_driving_car\data\IMG\center_2020_11_09_20_01_33_072.jpg,C:\self_driving_car\data\IMG\left_2020_11_09_20_01_33_072.jpg,C:\self_driving_car\data\IMG\right_2020_11_09_20_01_33_072.jpg,0,1,0,30.19076
C:\self_driving_car\data\IMG\center_2020_11_09_20_01_33_171.jpg,C:\self_driving_car\data\IMG\left_2020_11_09_20_01_33_171.jpg,C:\self_driving_car\data\IMG\right_2020_11_09_20_01_33_171.jpg,0,1,0,30.19009
C:\self_driving_car\data\IMG\center_2020_11_09_20_01_33_276.jpg,C:\self_driving_car\data\IMG\left_2020_11_09_20_01_33_276.jpg,C:\self_driving_car\data\IMG\right_2020_11_09_20_01_33_276.jpg,0,1,0,30.19027
C:\self_driving_car\data\IMG\center_2020_11_09_20_01_33_372.jpg,C:\self_driving_car\data\IMG\left_2020_11_09_20_01_33_372.jpg,C:\self_driving_car\data\IMG\right_2020_11_09_20_01_33_372.jpg,0,1,0,30.1903
C:\self_driving_car\data\IMG\center_2020_11_09_20_01_33_463.jpg,C:\self_driving_car\data\IMG\left_2020_11_09_20_01_33_463.jpg,C:\self_driving_car\data\IMG\right_2020_11_09_20_01_33_463.jpg,0,1,0,30.19029
C:\self_driving_car\data\IMG\center_2020_11_09_20_01_33_552.jpg,C:\self_driving_car\data\IMG\left_2020_11_09_20_01_33_552.jpg,C:\self_driving_car\data\IMG\right_2020_11_09_20_01_33_552.jpg,0.1,1,0,30.18762
C:\self_driving_car\data\IMG\center_2020_11_09_20_01_33_644.jpg,C:\self_driving_car\data\IMG\left_2020_11_09_20_01_33_644.jpg,C:\self_driving_car\data\IMG\right_2020_11_09_20_01_33_644.jpg,0.35,1,0,30.16347
C:\self_driving_car\data\IMG\center_2020_11_09_20_01_33_741.jpg,C:\self_driving_car\data\IMG\left_2020_11_09_20_01_33_741.jpg,C:\self_driving_car\data\IMG\right_2020_11_09_20_01_33_741.jpg,0,1,0,30.18948
C:\self_driving_car\data\IMG\center_2020_11_09_20_01_33_835.jpg,C:\self_driving_car\data\IMG\left_2020_11_09_20_01_33_835.jpg,C:\self_driving_car\data\IMG\right_2020_11_09_20_01_33_835.jpg,0,1,0,30.19018
C:\self_driving_car\data\IMG\center_2020_11_09_20_01_33_931.jpg,C:\self_driving_car\data\IMG\left_2020_11_09_20_01_33_931.jpg,C:\self_driving_car\data\IMG\right_2020_11_09_20_01_33_931.jpg,0,1,0,30.19029
C:\self_driving_car\data\IMG\center_2020_11_09_20_01_34_028.jpg,C:\self_driving_car\data\IMG\left_2020_11_09_20_01_34_028.jpg,C:\self_driving_car\data\IMG\right_2020_11_09_20_01_34_028.jpg,0,1,0,30.19031
C:\self_driving_car\data\IMG\center_2020_11_09_20_01_34_133.jpg,C:\self_driving_car\data\IMG\left_2020_11_09_20_01_34_133.jpg,C:\self_driving_car\data\IMG\right_2020_11_09_20_01_34_133.jpg,0,1,0,30.19029
C:\self_driving_car\data\IMG\center_2020_11_09_20_01_34_229.jpg,C:\self_driving_car\data\IMG\left_2020_11_09_20_01_34_229.jpg,C:\self_driving_car\data\IMG\right_2020_11_09_20_01_34_229.jpg,0.25,1,0,30.1749
C:\self_driving_car\data\IMG\center_2020_11_09_20_01_34_324.jpg,C:\self_driving_car\data\IMG\left_2020_11_09_20_01_34_324.jpg,C:\self_driving_car\data\IMG\right_2020_11_09_20_01_34_324.jpg,0,1,0,30.18907
C:\self_driving_car\data\IMG\center_2020_11_09_20_01_34_425.jpg,C:\self_driving_car\data\IMG\left_2020_11_09_20_01_34_425.jpg,C:\self_driving_car\data\IMG\right_2020_11_09_20_01_34_425.jpg,0,1,0,30.18986
C:\self_driving_car\data\IMG\center_2020_11_09_20_01_34_529.jpg,C:\self_driving_car\data\IMG\left_2020_11_09_20_01_34_529.jpg,C:\self_driving_car\data\IMG\right_2020_11_09_20_01_34_529.jpg,-0.1,1,0,30.18622
C:\self_driving_car\data\IMG\center_2020_11_09_20_01_34_631.jpg,C:\self_driving_car\data\IMG\left_2020_11_09_20_01_34_631.jpg,C:\self_driving_car\data\IMG\right_2020_11_09_20_01_34_631.jpg,-0.35,1,0,30.16171
C:\self_driving_car\data\IMG\center_2020_11_09_20_01_34_728.jpg,C:\self_driving_car\data\IMG\left_2020_11_09_20_01_34_728.jpg,C:\self_driving_car\data\IMG\right_2020_11_09_20_01_34_728.jpg,0,1,0,30.18942
C:\self_driving_car\data\IMG\center_2020_11_09_20_01_34_828.jpg,C:\self_driving_car\data\IMG\left_2020_11_09_20_01_34_828.jpg,C:\self_driving_car\data\IMG\right_2020_11_09_20_01_34_828.jpg,0,1,0,30.19016
C:\self_driving_car\data\IMG\center_2020_11_09_20_01_34_924.jpg,C:\self_driving_car\data\IMG\left_2020_11_09_20_01_34_924.jpg,C:\self_driving_car\data\IMG\right_2020_11_09_20_01_34_924.jpg,0,1,0,30.19027
C:\self_driving_car\data\IMG\center_2020_11_09_20_01_35_015.jpg,C:\self_driving_car\data\IMG\left_2020_11_09_20_01_35_015.jpg,C:\self_driving_car\data\IMG\right_2020_11_09_20_01_35_015.jpg,0,1,0,30.1903
C:\self_driving_car\data\IMG\center_2020_11_09_20_01_35_125.jpg,C:\self_driving_car\data\IMG\left_2020_11_09_20_01_35_125.jpg,C:\self_driving_car\data\IMG\right_2020_11_09_20_01_35_125.jpg,0,1,0,30.19029
C:\self_driving_car\data\IMG\center_2020_11_09_20_01_35_221.jpg,C:\self_driving_car\data\IMG\left_2020_11_09_20_01_35_221.jpg,C:\self_driving_car\data\IMG\right_2020_11_09_20_01_35_221.jpg,0,1,0,30.19029
C:\self_driving_car\data\IMG\center_2020_11_09_20_01_35_315.jpg,C:\self_driving_car\data\IMG\left_2020_11_09_20_01_35_315.jpg,C:\self_driving_car\data\IMG\right_2020_11_09_20_01_35_315.jpg,0,1,0,30.19028
C:\self_driving_car\data\IMG\center_2020_11_09_20_01_35_417.jpg,C:\self_driving_car\data\IMG\left_2020_11_09_20_01_35_417.jpg,C:\self_driving_car\data\IMG\right_2020_11_09_20_01_35_417.jpg,-0.15,1,0,30.18424
C:\self_driving_car\data\IMG\center_2020_11_09_20_01_35_513.jpg,C:\self_driving_car\data\IMG\left_2020_11_09_20_01_35_513.jpg,C:\self_driving_car\data\IMG\right_2020_11_09_20_01_35_513.jpg,-0.35,1,0,30.16343
C:\self_driving_car\data\IMG\center_2020_11_09_20_01_35_601.jpg,C:\self_driving_car\data\IMG\left_2020_11_09_20_01_35_601.jpg,C:\self_driving_car\data\IMG\right_2020_11_09_20_01_35_601.jpg,0,1,0,30.18955
C:\self_driving_car\data\IMG\center_2020_11_09_20_01_35_696.jpg,C:\self_driving_car\data\IMG\left_2020_11_09_20_01_35_696.jpg,C:\self_driving_car\data\IMG\right_2020_11_09_20_01_35_696.jpg,0,1,0,30.1902
C:\self_driving_car\data\IMG\center_2020_11_09_20_01_35_797.jpg,C:\self_driving_car\data\IMG\left_2020_11_09_20_01_35_797.jpg,C:\self_driving_car\data\IMG\right_2020_11_09_20_01_35_797.jpg,0,1,0,30.19031
C:\self_driving_car\data\IMG\center_2020_11_09_20_01_35_893.jpg,C:\self_driving_car\data\IMG\left_2020_11_09_20_01_35_893.jpg,C:\self_driving_car\data\IMG\right_2020_11_09_20_01_35_893.jpg,0,1,0,30.19027
C:\self_driving_car\data\IMG\center_2020_11_09_20_01_35_981.jpg,C:\self_driving_car\data\IMG\left_2020_11_09_20_01_35_981.jpg,C:\self_driving_car\data\IMG\right_2020_11_09_20_01_35_981.jpg,0,1,0,30.19033
C:\self_driving_car\data\IMG\center_2020_11_09_20_01_36_078.jpg,C:\self_driving_car\data\IMG\left_2020_11_09_20_01_36_078.jpg,C:\self_driving_car\data\IMG\right_2020_11_09_20_01_36_078.jpg,0,1,0,30.19028
C:\self_driving_car\data\IMG\center_2020_11_09_20_01_36_173.jpg,C:\self_driving_car\data\IMG\left_2020_11_09_20_01_36_173.jpg,C:\self_driving_car\data\IMG\right_2020_11_09_20_01_36_173.jpg,0,1,0,30.19032
C:\self_driving_car\data\IMG\center_2020_11_09_20_01_36_264.jpg,C:\self_driving_car\data\IMG\left_2020_11_09_20_01_36_264.jpg,C:\self_driving_car\data\IMG\right_2020_11_09_20_01_36_264.jpg,0,1,0,30.1903
C:\self_driving_car\data\IMG\center_2020_11_09_20_01_36_368.jpg,C:\self_driving_car\data\IMG\left_2020_11_09_20_01_36_368.jpg,C:\self_driving_car\data\IMG\right_2020_11_09_20_01_36_368.jpg,0,1,0,30.19031
C:\self_driving_car\data\IMG\center_2020_11_09_20_01_36_470.jpg,C:\self_driving_car\data\IMG\left_2020_11_09_20_01_36_470.jpg,C:\self_driving_car\data\IMG\right_2020_11_09_20_01_36_470.jpg,0,1,0,30.19028
C:\self_driving_car\data\IMG\center_2020_11_09_20_01_36_588.jpg,C:\self_driving_car\data\IMG\left_2020_11_09_20_01_36_588.jpg,C:\self_driving_car\data\IMG\right_2020_11_09_20_01_36_588.jpg,0,1,0,30.1903
C:\self_driving_car\data\IMG\center_2020_11_09_20_01_36_710.jpg,C:\self_driving_car\data\IMG\left_2020_11_09_20_01_36_710.jpg,C:\self_driving_car\data\IMG\right_2020_11_09_20_01_36_710.jpg,0,1,0,30.19031
C:\self_driving_car\data\IMG\center_2020_11_09_20_01_36_834.jpg,C:\self_driving_car\data\IMG\left_2020_11_09_20_01_36_834.jpg,C:\self_driving_car\data\IMG\right_2020_11_09_20_01_36_834.jpg,0,1,0,30.19031
C:\self_driving_car\data\IMG\center_2020_11_09_20_01_36_960.jpg,C:\self_driving_car\data\IMG\left_2020_11_09_20_01_36_960.jpg,C:\self_driving_car\data\IMG\right_2020_11_09_20_01_36_960.jpg,0,1,0,30.19029
C:\self_driving_car\data\IMG\center_2020_11_09_20_01_37_098.jpg,C:\self_driving_car\data\IMG\left_2020_11_09_20_01_37_098.jpg,C:\self_driving_car\data\IMG\right_2020_11_09_20_01_37_098.jpg,-0.2,1,0,30.17983
C:\self_driving_car\data\IMG\center_2020_11_09_20_01_37_163.jpg,C:\self_driving_car\data\IMG\left_2020_11_09_20_01_37_163.jpg,C:\self_driving_car\data\IMG\right_2020_11_09_20_01_37_163.jpg,-0.35,1,0,30.1635
C:\self_driving_car\data\IMG\center_2020_11_09_20_01_37_294.jpg,C:\self_driving_car\data\IMG\left_2020_11_09_20_01_37_294.jpg,C:\self_driving_car\data\IMG\right_2020_11_09_20_01_37_294.jpg,0,1,0,30.18533
C:\self_driving_car\data\IMG\center_2020_11_09_20_01_37_416.jpg,C:\self_driving_car\data\IMG\left_2020_11_09_20_01_37_416.jpg,C:\self_driving_car\data\IMG\right_2020_11_09_20_01_37_416.jpg,0,1,0,30.19014
C:\self_driving_car\data\IMG\center_2020_11_09_20_01_37_486.jpg,C:\self_driving_car\data\IMG\left_2020_11_09_20_01_37_486.jpg,C:\self_driving_car\data\IMG\right_2020_11_09_20_01_37_486.jpg,0,1,0,30.1902
C:\self_driving_car\data\IMG\center_2020_11_09_20_01_37_594.jpg,C:\self_driving_car\data\IMG\left_2020_11_09_20_01_37_594.jpg,C:\self_driving_car\data\IMG\right_2020_11_09_20_01_37_594.jpg,0,1,0,30.19029
C:\self_driving_car\data\IMG\center_2020_11_09_20_01_37_715.jpg,C:\self_driving_car\data\IMG\left_2020_11_09_20_01_37_715.jpg,C:\self_driving_car\data\IMG\right_2020_11_09_20_01_37_715.jpg,0,1,0,30.19028
C:\self_driving_car\data\IMG\center_2020_11_09_20_01_37_792.jpg,C:\self_driving_car\data\IMG\left_2020_11_09_20_01_37_792.jpg,C:\self_driving_car\data\IMG\right_2020_11_09_20_01_37_792.jpg,0,1,0,30.19029
C:\self_driving_car\data\IMG\center_2020_11_09_20_01_37_890.jpg,C:\self_driving_car\data\IMG\left_2020_11_09_20_01_37_890.jpg,C:\self_driving_car\data\IMG\right_2020_11_09_20_01_37_890.jpg,0,1,0,30.1903
C:\self_driving_car\data\IMG\center_2020_11_09_20_01_38_001.jpg,C:\self_driving_car\data\IMG\left_2020_11_09_20_01_38_001.jpg,C:\self_driving_car\data\IMG\right_2020_11_09_20_01_38_001.jpg,0,1,0,30.1903
C:\self_driving_car\data\IMG\center_2020_11_09_20_01_38_109.jpg,C:\self_driving_car\data\IMG\left_2020_11_09_20_01_38_109.jpg,C:\self_driving_car\data\IMG\right_2020_11_09_20_01_38_109.jpg,0.25,1,0,30.17484
C:\self_driving_car\data\IMG\center_2020_11_09_20_01_38_204.jpg,C:\self_driving_car\data\IMG\left_2020_11_09_20_01_38_204.jpg,C:\self_driving_car\data\IMG\right_2020_11_09_20_01_38_204.jpg,0,1,0,30.18896
C:\self_driving_car\data\IMG\center_2020_11_09_20_01_38_303.jpg,C:\self_driving_car\data\IMG\left_2020_11_09_20_01_38_303.jpg,C:\self_driving_car\data\IMG\right_2020_11_09_20_01_38_303.jpg,0,1,0,30.18976
C:\self_driving_car\data\IMG\center_2020_11_09_20_01_38_400.jpg,C:\self_driving_car\data\IMG\left_2020_11_09_20_01_38_400.jpg,C:\self_driving_car\data\IMG\right_2020_11_09_20_01_38_400.jpg,0,1,0,30.19025
C:\self_driving_car\data\IMG\center_2020_11_09_20_01_38_490.jpg,C:\self_driving_car\data\IMG\left_2020_11_09_20_01_38_490.jpg,C:\self_driving_car\data\IMG\right_2020_11_09_20_01_38_490.jpg,0,0.7292479,0,30.10935
C:\self_driving_car\data\IMG\center_2020_11_09_20_01_38_586.jpg,C:\self_driving_car\data\IMG\left_2020_11_09_20_01_38_586.jpg,C:\self_driving_car\data\IMG\right_2020_11_09_20_01_38_586.jpg,0,0.4430439,0,30.03719
C:\self_driving_car\data\IMG\center_2020_11_09_20_01_38_675.jpg,C:\self_driving_car\data\IMG\left_2020_11_09_20_01_38_675.jpg,C:\self_driving_car\data\IMG\right_2020_11_09_20_01_38_675.jpg,0,0.1758012,0,29.95649
C:\self_driving_car\data\IMG\center_2020_11_09_20_01_38_761.jpg,C:\self_driving_car\data\IMG\left_2020_11_09_20_01_38_761.jpg,C:\self_driving_car\data\IMG\right_2020_11_09_20_01_38_761.jpg,0,0,0,29.76657
C:\self_driving_car\data\IMG\center_2020_11_09_20_01_38_850.jpg,C:\self_driving_car\data\IMG\left_2020_11_09_20_01_38_850.jpg,C:\self_driving_car\data\IMG\right_2020_11_09_20_01_38_850.jpg,0,0,0,29.52866
C:\self_driving_car\data\IMG\center_2020_11_09_20_01_38_939.jpg,C:\self_driving_car\data\IMG\left_2020_11_09_20_01_38_939.jpg,C:\self_driving_car\data\IMG\right_2020_11_09_20_01_38_939.jpg,0,0,0,29.2322
C:\self_driving_car\data\IMG\center_2020_11_09_20_01_39_029.jpg,C:\self_driving_car\data\IMG\left_2020_11_09_20_01_39_029.jpg,C:\self_driving_car\data\IMG\right_2020_11_09_20_01_39_029.jpg,0,0,0,28.99713
C:\self_driving_car\data\IMG\center_2020_11_09_20_01_39_117.jpg,C:\self_driving_car\data\IMG\left_2020_11_09_20_01_39_117.jpg,C:\self_driving_car\data\IMG\right_2020_11_09_20_01_39_117.jpg,0,0,0,28.70596
C:\self_driving_car\data\IMG\center_2020_11_09_20_01_39_206.jpg,C:\self_driving_car\data\IMG\left_2020_11_09_20_01_39_206.jpg,C:\self_driving_car\data\IMG\right_2020_11_09_20_01_39_206.jpg,0,0,0,28.47513
C:\self_driving_car\data\IMG\center_2020_11_09_20_01_39_299.jpg,C:\self_driving_car\data\IMG\left_2020_11_09_20_01_39_299.jpg,C:\self_driving_car\data\IMG\right_2020_11_09_20_01_39_299.jpg,0,0,0,28.1892
C:\self_driving_car\data\IMG\center_2020_11_09_20_01_39_397.jpg,C:\self_driving_car\data\IMG\left_2020_11_09_20_01_39_397.jpg,C:\self_driving_car\data\IMG\right_2020_11_09_20_01_39_397.jpg,0,0,0,27.90615
C:\self_driving_car\data\IMG\center_2020_11_09_20_01_39_489.jpg,C:\self_driving_car\data\IMG\left_2020_11_09_20_01_39_489.jpg,C:\self_driving_car\data\IMG\right_2020_11_09_20_01_39_489.jpg,0,0,0,27.68175
C:\self_driving_car\data\IMG\center_2020_11_09_20_01_39_578.jpg,C:\self_driving_car\data\IMG\left_2020_11_09_20_01_39_578.jpg,C:\self_driving_car\data\IMG\right_2020_11_09_20_01_39_578.jpg,0,0,0,27.40379
C:\self_driving_car\data\IMG\center_2020_11_09_20_01_39_675.jpg,C:\self_driving_car\data\IMG\left_2020_11_09_20_01_39_675.jpg,C:\self_driving_car\data\IMG\right_2020_11_09_20_01_39_675.jpg,0,0,0,27.12779
C:\self_driving_car\data\IMG\center_2020_11_09_20_01_39_779.jpg,C:\self_driving_car\data\IMG\left_2020_11_09_20_01_39_779.jpg,C:\self_driving_car\data\IMG\right_2020_11_09_20_01_39_779.jpg,0,0,0,26.85465
C:\self_driving_car\data\IMG\center_2020_11_09_20_01_39_884.jpg,C:\self_driving_car\data\IMG\left_2020_11_09_20_01_39_884.jpg,C:\self_driving_car\data\IMG\right_2020_11_09_20_01_39_884.jpg,0,0,0,26.58363
C:\self_driving_car\data\IMG\center_2020_11_09_20_01_39_986.jpg,C:\self_driving_car\data\IMG\left_2020_11_09_20_01_39_986.jpg,C:\self_driving_car\data\IMG\right_2020_11_09_20_01_39_986.jpg,0,0,0,26.31479
C:\self_driving_car\data\IMG\center_2020_11_09_20_01_40_087.jpg,C:\self_driving_car\data\IMG\left_2020_11_09_20_01_40_087.jpg,C:\self_driving_car\data\IMG\right_2020_11_09_20_01_40_087.jpg,0,0,0,26.04867
C:\self_driving_car\data\IMG\center_2020_11_09_20_01_40_200.jpg,C:\self_driving_car\data\IMG\left_2020_11_09_20_01_40_200.jpg,C:\self_driving_car\data\IMG\right_2020_11_09_20_01_40_200.jpg,0,0,0,25.7324
C:\self_driving_car\data\IMG\center_2020_11_09_20_01_40_305.jpg,C:\self_driving_car\data\IMG\left_2020_11_09_20_01_40_305.jpg,C:\self_driving_car\data\IMG\right_2020_11_09_20_01_40_305.jpg,0,0,0,25.47168
C:\self_driving_car\data\IMG\center_2020_11_09_20_01_40_416.jpg,C:\self_driving_car\data\IMG\left_2020_11_09_20_01_40_416.jpg,C:\self_driving_car\data\IMG\right_2020_11_09_20_01_40_416.jpg,0,0,0,25.16226
C:\self_driving_car\data\IMG\center_2020_11_09_20_01_40_522.jpg,C:\self_driving_car\data\IMG\left_2020_11_09_20_01_40_522.jpg,C:\self_driving_car\data\IMG\right_2020_11_09_20_01_40_522.jpg,0,0,0,24.90726
C:\self_driving_car\data\IMG\center_2020_11_09_20_01_40_618.jpg,C:\self_driving_car\data\IMG\left_2020_11_09_20_01_40_618.jpg,C:\self_driving_car\data\IMG\right_2020_11_09_20_01_40_618.jpg,0,0,0,24.65481
C:\self_driving_car\data\IMG\center_2020_11_09_20_01_40_721.jpg,C:\self_driving_car\data\IMG\left_2020_11_09_20_01_40_721.jpg,C:\self_driving_car\data\IMG\right_2020_11_09_20_01_40_721.jpg,0,0,0,22.99993
C:\self_driving_car\data\IMG\center_2020_11_09_20_01_40_845.jpg,C:\self_driving_car\data\IMG\left_2020_11_09_20_01_40_845.jpg,C:\self_driving_car\data\IMG\right_2020_11_09_20_01_40_845.jpg,0,0,0.3010956,21.92152
C:\self_driving_car\data\IMG\center_2020_11_09_20_01_40_946.jpg,C:\self_driving_car\data\IMG\left_2020_11_09_20_01_40_946.jpg,C:\self_driving_car\data\IMG\right_2020_11_09_20_01_40_946.jpg,0,0,0.6059463,20.23781
C:\self_driving_car\data\IMG\center_2020_11_09_20_01_41_041.jpg,C:\self_driving_car\data\IMG\left_2020_11_09_20_01_41_041.jpg,C:\self_driving_car\data\IMG\right_2020_11_09_20_01_41_041.jpg,0,0,0.9029778,18.58751
C:\self_driving_car\data\IMG\center_2020_11_09_20_01_41_136.jpg,C:\self_driving_car\data\IMG\left_2020_11_09_20_01_41_136.jpg,C:\self_driving_car\data\IMG\right_2020_11_09_20_01_41_136.jpg,0,0,1,16.96136
C:\self_driving_car\data\IMG\center_2020_11_09_20_01_41_228.jpg,C:\self_driving_car\data\IMG\left_2020_11_09_20_01_41_228.jpg,C:\self_driving_car\data\IMG\right_2020_11_09_20_01_41_228.jpg,0,0,1,15.67126
C:\self_driving_car\data\IMG\center_2020_11_09_20_01_41_322.jpg,C:\self_driving_car\data\IMG\left_2020_11_09_20_01_41_322.jpg,C:\self_driving_car\data\IMG\right_2020_11_09_20_01_41_322.jpg,0,0,1,14.08363
C:\self_driving_car\data\IMG\center_2020_11_09_20_01_41_420.jpg,C:\self_driving_car\data\IMG\left_2020_11_09_20_01_41_420.jpg,C:\self_driving_car\data\IMG\right_2020_11_09_20_01_41_420.jpg,0,0,1,12.52133
C:\self_driving_car\data\IMG\center_2020_11_09_20_01_41_516.jpg,C:\self_driving_car\data\IMG\left_2020_11_09_20_01_41_516.jpg,C:\self_driving_car\data\IMG\right_2020_11_09_20_01_41_516.jpg,0,0,1,11.28731
C:\self_driving_car\data\IMG\center_2020_11_09_20_01_41_613.jpg,C:\self_driving_car\data\IMG\left_2020_11_09_20_01_41_613.jpg,C:\self_driving_car\data\IMG\right_2020_11_09_20_01_41_613.jpg,0,0,1,9.773813
C:\self_driving_car\data\IMG\center_2020_11_09_20_01_41_709.jpg,C:\self_driving_car\data\IMG\left_2020_11_09_20_01_41_709.jpg,C:\self_driving_car\data\IMG\right_2020_11_09_20_01_41_709.jpg,0,0,0.7229478,8.256829
C:\self_driving_car\data\IMG\center_2020_11_09_20_01_41_806.jpg,C:\self_driving_car\data\IMG\left_2020_11_09_20_01_41_806.jpg,C:\self_driving_car\data\IMG\right_2020_11_09_20_01_41_806.jpg,0,0,0.4284409,6.77365
C:\self_driving_car\data\IMG\center_2020_11_09_20_01_41_910.jpg,C:\self_driving_car\data\IMG\left_2020_11_09_20_01_41_910.jpg,C:\self_driving_car\data\IMG\right_2020_11_09_20_01_41_910.jpg,0,0,0.110797,5.312394
C:\self_driving_car\data\IMG\center_2020_11_09_20_01_41_982.jpg,C:\self_driving_car\data\IMG\left_2020_11_09_20_01_41_982.jpg,C:\self_driving_car\data\IMG\right_2020_11_09_20_01_41_982.jpg,0,0,0,5.047733
C:\self_driving_car\data\IMG\center_2020_11_09_20_01_42_087.jpg,C:\self_driving_car\data\IMG\left_2020_11_09_20_01_42_087.jpg,C:\self_driving_car\data\IMG\right_2020_11_09_20_01_42_087.jpg,0,0,0,4.988174
C:\self_driving_car\data\IMG\center_2020_11_09_20_01_42_183.jpg,C:\self_driving_car\data\IMG\left_2020_11_09_20_01_42_183.jpg,C:\self_driving_car\data\IMG\right_2020_11_09_20_01_42_183.jpg,0,0,0,4.92923
C:\self_driving_car\data\IMG\center_2020_11_09_20_01_42_293.jpg,C:\self_driving_car\data\IMG\left_2020_11_09_20_01_42_293.jpg,C:\self_driving_car\data\IMG\right_2020_11_09_20_01_42_293.jpg,0,0,0,4.862064
C:\self_driving_car\data\IMG\center_2020_11_09_20_01_42_417.jpg,C:\self_driving_car\data\IMG\left_2020_11_09_20_01_42_417.jpg,C:\self_driving_car\data\IMG\right_2020_11_09_20_01_42_417.jpg,0,0,0,4.728062
C:\self_driving_car\data\IMG\center_2020_11_09_20_01_42_543.jpg,C:\self_driving_car\data\IMG\left_2020_11_09_20_01_42_543.jpg,C:\self_driving_car\data\IMG\right_2020_11_09_20_01_42_543.jpg,0,0,0,4.614155
C:\self_driving_car\data\IMG\center_2020_11_09_20_01_42_614.jpg,C:\self_driving_car\data\IMG\left_2020_11_09_20_01_42_614.jpg,C:\self_driving_car\data\IMG\right_2020_11_09_20_01_42_614.jpg,0,0,0,4.557582
C:\self_driving_car\data\IMG\center_2020_11_09_20_01_42_681.jpg,C:\self_driving_car\data\IMG\left_2020_11_09_20_01_42_681.jpg,C:\self_driving_car\data\IMG\right_2020_11_09_20_01_42_681.jpg,0,0,0,4.482566
C:\self_driving_car\data\IMG\center_2020_11_09_20_01_42_801.jpg,C:\self_driving_car\data\IMG\left_2020_11_09_20_01_42_801.jpg,C:\self_driving_car\data\IMG\right_2020_11_09_20_01_42_801.jpg,0,0,0,4.370956
C:\self_driving_car\data\IMG\center_2020_11_09_20_01_42_921.jpg,C:\self_driving_car\data\IMG\left_2020_11_09_20_01_42_921.jpg,C:\self_driving_car\data\IMG\right_2020_11_09_20_01_42_921.jpg,0,0,0,4.26044
C:\self_driving_car\data\IMG\center_2020_11_09_20_01_42_994.jpg,C:\self_driving_car\data\IMG\left_2020_11_09_20_01_42_994.jpg,C:\self_driving_car\data\IMG\right_2020_11_09_20_01_42_994.jpg,0,0,0,4.187097
C:\self_driving_car\data\IMG\center_2020_11_09_20_01_43_126.jpg,C:\self_driving_car\data\IMG\left_2020_11_09_20_01_43_126.jpg,C:\self_driving_car\data\IMG\right_2020_11_09_20_01_43_126.jpg,0,0,0,4.077816
C:\self_driving_car\data\IMG\center_2020_11_09_20_01_43_250.jpg,C:\self_driving_car\data\IMG\left_2020_11_09_20_01_43_250.jpg,C:\self_driving_car\data\IMG\right_2020_11_09_20_01_43_250.jpg,0,0,0,3.96809
C:\self_driving_car\data\IMG\center_2020_11_09_20_01_43_371.jpg,C:\self_driving_car\data\IMG\left_2020_11_09_20_01_43_371.jpg,C:\self_driving_car\data\IMG\right_2020_11_09_20_01_43_371.jpg,0,0,0,3.859574
C:\self_driving_car\data\IMG\center_2020_11_09_20_01_43_480.jpg,C:\self_driving_car\data\IMG\left_2020_11_09_20_01_43_480.jpg,C:\self_driving_car\data\IMG\right_2020_11_09_20_01_43_480.jpg,0,0,0,3.751857
C:\self_driving_car\data\IMG\center_2020_11_09_20_01_43_607.jpg,C:\self_driving_car\data\IMG\left_2020_11_09_20_01_43_607.jpg,C:\self_driving_car\data\IMG\right_2020_11_09_20_01_43_607.jpg,0,0,0,3.645816
C:\self_driving_car\data\IMG\center_2020_11_09_20_01_43_892.jpg,C:\self_driving_car\data\IMG\left_2020_11_09_20_01_43_892.jpg,C:\self_driving_car\data\IMG\right_2020_11_09_20_01_43_892.jpg,0,0,0,3.558637
